ticker,market_cap,rd_expense,patent_activity,industry,revenue_growth,volatility_fund,volatility,total_return,rd_intensity,fund_weight,rd_quartile,patent_quartile,growth_quartile,volatility_quartile,innovation_score,innovation_quartile,innovation_label,avg_dumac_allocation,latest_holdings_date,fund_names,in_portfolio,n_funds,total_fund_weight,total_position_value,multiplier,ai_score,ai_quartile,ai_label,quality_innovators_weight,ai_concentrated_weight,balanced_growth_weight,discovery_quality_weight,discovery_ai_weight,discovery_balanced_weight,discovery_tier,innovation_rank,ai_rank,combined_rank,strategic_profile.x,ai_exposure,innovation_exposure,anomaly_score,is_anomaly,strategic_profile.y
000660 KS,4.17E+14,4954447,0,Semiconductors & Semiconductor,102.0189455,56.71415,56.71415,0.1,1.18812E-08,0.007579401,2,1,4,1,0.475,1,Emerging,0.013157895,12/31/2024,Maso Capital Partners Limited (Blackwell - Series A),TRUE,1,0.007579401,292839.8806,1.5,0.7125,3,AI Adopter,0,0,0,0,0,0,Not in Discovery Universe,NA,NA,NA,Underperformer,NA,NA,0.205457585,FALSE,NA
005380 KS,5.44E+13,4586447,0,Automobiles & Components,7.726114277,37.96413,37.96413,0.1,8.43097E-08,0.004608295,3,1,2,2,0.5,1,Emerging,NA,NA,,FALSE,0,0,0,1.1,0.55,2,AI Follower,0,0,0,0,0,0,Tier 4: Monitor,53,49,51,Underperformer,NA,NA,0.205457585,FALSE,NA
005930 KS,5.78E+14,35021531,0,Technology Hardware & Equipmen,16.19531118,35.07429,35.07429,0.1,6.05909E-08,0.067126947,3,1,3,2,0.55,2,Developing,0.013157895,12/31/2024,Direct: Emerging Markets (Blackwell); Tree Line Asia Fund; Maso Capital Partners Limited (Blackwell - Series A),TRUE,3,0.067126947,11685562.96,1.2,0.66,2,AI Follower,0,0,0,0,0,0,Not in Discovery Universe,NA,NA,NA,Balanced Performer,Medium,Medium,0.120075699,FALSE,Balanced Performer
0170016D US,NA,NA,0,Unknown,NA,NA,0.3,0.1,0.03,0.004608295,4,1,NA,4,NA,NA,Emerging,NA,NA,,FALSE,0,0,0,1,NA,NA,AI Laggard,0,0,0,0,0,0,Tier 4: Monitor,67,67,67,Underperformer,NA,NA,0.205457585,FALSE,NA
035420 KS,4.02E+13,1857936,0,Media & Entertainment,11.03417451,40.09288,40.09288,0.1,4.62173E-08,0.004608295,3,1,3,2,0.55,2,Developing,NA,NA,,FALSE,0,0,0,1.3,0.715,3,AI Adopter,0,0,0,0,0,0,Tier 3: Watch List,46,26,37,Underperformer,NA,NA,0.205457585,FALSE,NA
035720 KS,2.57E+13,1269613,0,Media & Entertainment,4.164223494,47.61283,47.61283,0.1,4.94013E-08,0.004608295,3,1,2,1,0.45,1,Emerging,NA,NA,,FALSE,0,0,0,1.3,0.585,2,AI Follower,0,0,0,0,0,0,Tier 4: Monitor,58.5,46,52,Underperformer,NA,NA,0.205457585,FALSE,NA
051910 KS,2.76E+13,2190346,0,Materials,-11.46372063,47.41833,47.41833,0.1,7.93604E-08,0.004608295,3,1,1,1,0.4,1,Emerging,NA,NA,,FALSE,0,0,0,0.8,0.32,1,AI Laggard,0,0,0,0,0,0,Tier 4: Monitor,64,65,65,Underperformer,NA,NA,0.205457585,FALSE,NA
207940 KS,8.69E+13,392900,0,"Pharmaceuticals, Biotechnology",23.08060418,32.51303,32.51303,0.1,4.52129E-09,0.004608295,1,1,4,3,0.5,1,Emerging,NA,NA,,FALSE,0,0,0,1.2,0.6,2,AI Follower,0,0,0,0,0,0,Tier 3: Watch List,53,45,47,Underperformer,NA,NA,0.205457585,FALSE,NA
6501 JT,2.15E+13,259400,0,Capital Goods,0.561780198,51.17324,51.17324,0.1,1.20651E-08,0.03055554,2,1,1,1,0.325,1,Emerging,0.013157895,12/31/2024,"The Children's Investment Fund; Direct: Japan Basket Swap; Axon Partners (Offshore), Ltd. (fka TPG-Axon Partners (Offshore), Ltd; Bridgewater Pure Alpha Fund II, Ltd.; Farallon Capital Institutional Partners, L.P.; Polygon Recovery Fund L.P.; QVT Overseas Ltd.; MXWD Index",TRUE,8,0.03055554,3707553.657,0.9,0.2925,1,AI Laggard,0,0,0,0,0,0,Not in Discovery Universe,NA,NA,NA,Underperformer,Low,Low,0.266105873,FALSE,Underperformer
7974 JP,1.69E+13,143788,0,Media & Entertainment,-30.32200566,40.14491,40.14491,0.1,8.50817E-09,0.059750507,2,1,1,2,0.375,1,Emerging,0.013157895,12/31/2024,"Tree Line Asia Fund; Philosophy Capital Management, LLC (Blackwell - Series A); Numerai GP LLC (Blackwell - Series A)",TRUE,3,0.059750507,10352588.5,1.3,0.4875,1,AI Laggard,0,0,0,0,0,0,Not in Discovery Universe,NA,NA,NA,Underperformer,NA,NA,0.205457585,FALSE,NA
8TRA GR,14150000000,2471,1684,Capital Goods,1.282215395,38.04564,38.04564,0.1,1.74629E-07,0.000082425,3,4,1,2,0.675,3,Strong,0.013157895,12/31/2024,Permian Investment Partners (Blackwell - Series E),TRUE,1,0.000082425,-1513463.788,0.9,0.6075,2,AI Follower,0,0,0,0,0,0,Not in Discovery Universe,NA,NA,NA,Underperformer,Low,Low,0.203696291,FALSE,Underperformer
9984 JT,2.69E+13,507590,549725,Telecommunication Services,7.211603641,58.40491,58.40491,0.1,1.88695E-08,0.026364358,2,4,2,1,0.6,2,Developing,0.013157895,12/31/2024,"The Children's Investment Fund; Direct: Japan Basket Swap; Axon Partners (Offshore), Ltd. (fka TPG-Axon Partners (Offshore), Ltd; Bridgewater Pure Alpha Fund II, Ltd.; Farallon Capital Institutional Partners, L.P.; Polygon Recovery Fund L.P.; QVT Overseas Ltd.; MXWD Index",TRUE,8,0.026364358,3102748.843,1,0.6,2,AI Follower,0,0,0,0,0,0,Not in Discovery Universe,NA,NA,NA,Balanced Performer,Medium,High,1,TRUE,Balanced Performer
AAPL US,3.98E+12,34550,0,Technology Hardware & Equipmen,6.425511783,30.00272833,30.00272833,0.1,8.6809E-09,0.040344637,2,1,2,3,0.475,1,Emerging,0.013157895,12/31/2024,"Philosophy Capital Management, LLC (Blackwell - Series A); Stony Point Capital LLC (Blackwell - Series E); Bridgewater Pure Alpha Fund II, Ltd.; Numerai GP LLC (Blackwell - Series A); Discerene Group LP (Blackwell - Series A)",TRUE,5,0.040344637,504073.8591,1.2,0.57,2,AI Follower,0,0,0,0,0,0,Not in Discovery Universe,NA,NA,NA,Underperformer,NA,NA,0.205457585,FALSE,NA
ABBV US,4.18E+11,12791,53175,"Pharmaceuticals, Biotechnology",3.711476858,27.59024421,27.59024421,0.1,3.06005E-08,0.004608295,2,4,2,3,0.7,3,Strong,0.013157895,12/31/2024,"Paradigm BioCapital Advisors (Blackwell - Series A); Bridgewater Pure Alpha Fund II, Ltd.",TRUE,2,-0.007622653,-1475622.846,1.2,0.84,4,AI Leader,0,0,0,0,0,0,Not in Discovery Universe,NA,NA,NA,AI Focused,NA,NA,0.205457585,FALSE,NA
ABT US,2.28E+11,2844,0,Health Care Equipment & Servic,4.589992271,21.42249459,21.42249459,0.1,1.24737E-08,0.004608295,2,1,2,4,0.525,1,Emerging,0.013157895,12/31/2024,"Bridgewater Pure Alpha Fund II, Ltd.; Numerai GP LLC (Blackwell - Series A)",TRUE,2,-0.000720672,-89640.60785,1,0.525,1,AI Laggard,0,0,0,0,0,0,Not in Discovery Universe,NA,NA,NA,Underperformer,NA,NA,0.205457585,FALSE,NA
ADBE US,1.33E+11,3944,114,Software & Services,10.79911381,33.10037536,33.10037536,0.1,2.96541E-08,0.00534153,2,3,3,3,0.675,3,Strong,0.013157895,12/31/2024,"Bridgewater Pure Alpha Fund II, Ltd.; Numerai GP LLC (Blackwell - Series A)",TRUE,2,0.00534153,688306.2326,1.4,0.945,4,AI Leader,0,0,0,0,0,0,Not in Discovery Universe,NA,NA,NA,AI Focused (Low Innovation),High,Low,0.084719009,FALSE,AI Focused (Low Innovation)
AFRM US,21401303678,589.723,12.511,Financial Services,38.80384796,78.62695239,78.62695239,0.1,2.75555E-08,0.004608295,2,3,4,1,0.625,2,Developing,0.013157895,12/31/2024,Numerai GP LLC (Blackwell - Series A),TRUE,1,-0.00033632,-42119.7517,0.8,0.5,1,AI Laggard,0,0,0,0,0,0,Not in Discovery Universe,NA,NA,NA,Underperformer,NA,NA,0.205457585,FALSE,NA
ALIZF US,1.64E+11,NA,0,Insurance,14.38420705,33.39879863,33.39879863,0.1,0.03,0.004608295,4,1,3,3,0.675,3,Strong,NA,NA,,FALSE,0,0,0,1,0.675,3,AI Adopter,0,0,0,0,0,0,Tier 3: Watch List,24.5,32,28,Balanced,NA,NA,0.205457585,FALSE,NA
AMAT US,1.85E+11,3570,0,Semiconductors & Semiconductor,4.386223138,47.80869677,47.80869677,0.1,1.92973E-08,0.004608295,2,1,2,1,0.375,1,Emerging,NA,NA,,FALSE,0,0,0,1.5,0.5625,2,AI Follower,0,0,0,0,0,0,Tier 4: Monitor,66,48,57,Underperformer,NA,NA,0.205457585,FALSE,NA
AMD US,3.74E+11,6456,689,Semiconductors & Semiconductor,13.69047619,56.33437597,56.33437597,0.1,1.7262E-08,0.003114136,2,4,3,1,0.65,3,Strong,0.013157895,12/31/2024,"Bridgewater Pure Alpha Fund II, Ltd.; Numerai GP LLC (Blackwell - Series A)",TRUE,2,0.003114136,411357.3257,1.5,0.975,4,AI Leader,0,0,0,0,0,0,Not in Discovery Universe,NA,NA,NA,AI Focused (Low Innovation),High,Low,0.061892318,FALSE,AI Focused (Low Innovation)
AMT US,85161722556,NA,0,Equity Real Estate Investment,1.14859871,25.93675084,25.93675084,0.1,0.03,0.004608295,4,1,1,3,0.575,2,Developing,0.013157895,12/31/2024,"BWCP, LP (Blackwell Series - A); Silverback Asset Management (Blackwell - Series B); Silverback Convertible Fund Limited; Bridgewater Pure Alpha Fund II, Ltd.; Nantahala Capital Mangement, LLC (Blackwell - Series A)",TRUE,5,-0.009961795,289869.6601,1,0.575,2,AI Follower,0,0,0,0,0,0,Not in Discovery Universe,NA,NA,NA,Underperformer,Low,Low,0.367968006,FALSE,Underperformer
AMZN US,2.35E+12,88544,0,Consumer Discretionary Distrib,10.99089225,34.49026796,34.49026796,0.1,3.76783E-08,0.149275576,2,1,3,2,0.475,1,Emerging,0.013157895,12/31/2024,"BWCP, LP (Blackwell Series - A); Stony Point Capital LLC (Blackwell - Series E); Bridgewater Pure Alpha Fund II, Ltd.; Numerai GP LLC (Blackwell - Series A)",TRUE,4,0.149275576,17756591.24,1,0.475,1,AI Laggard,0,0,0,0,0,0,Not in Discovery Universe,NA,NA,NA,Underperformer,Low,Low,0.145197677,FALSE,Underperformer
ANET US,1.56E+11,996.717,0,Technology Hardware & Equipmen,19.50418486,54.55498737,54.55498737,0.1,6.38921E-09,0.001216258,1,1,4,1,0.4,1,Emerging,0.013157895,12/31/2024,"Bridgewater Pure Alpha Fund II, Ltd.; Numerai GP LLC (Blackwell - Series A)",TRUE,2,0.001216258,157253.8919,1.2,0.48,1,AI Laggard,0,0,0,0,0,0,Not in Discovery Universe,NA,NA,NA,Underperformer,Low,Low,0.127098495,FALSE,Underperformer
ANT US,NA,NA,0,Unknown,17.748291,NA,0.3,0.1,0.03,0.004608295,4,1,3,4,0.725,4,Leader,NA,NA,,FALSE,0,0,0,1,0.725,3,AI Adopter,0,0,0,0,0,0,Tier 2: Strong Candidates,15.5,23.5,20.5,Innovation Leader,NA,NA,0.205457585,FALSE,NA
APD US,55876542395,96.3,48.5,Materials,-0.523114556,26.6864294,26.6864294,0.1,1.72344E-09,0.004608295,1,3,1,3,0.5,1,Emerging,0.013157895,12/31/2024,Direct: Systematic Short (Blackwell); Numerai GP LLC (Blackwell - Series A),TRUE,2,-0.014139087,-677755.2065,0.8,0.4,1,AI Laggard,0,0,0,0,0,0,Not in Discovery Universe,NA,NA,NA,Underperformer,Low,Low,0.201795622,FALSE,Underperformer
APH US,1.64E+11,453,269.1,Technology Hardware & Equipmen,21.2510056,35.62482545,35.62482545,0.1,2.7622E-09,0.00029131,1,4,4,2,0.675,3,Strong,0.013157895,12/31/2024,Numerai GP LLC (Blackwell - Series A),TRUE,1,0.00029131,36482.81574,1.2,0.81,4,AI Leader,0,0,0,0,0,0,Not in Discovery Universe,NA,NA,NA,AI Focused,NA,NA,0.205457585,FALSE,NA
APO US,72584744867,NA,0,Financial Services,-19.88651963,41.71125166,41.71125166,0.1,0.03,0.004608295,4,1,1,2,0.525,1,Emerging,0.013157895,12/31/2024,"Direct: Slow Growth High Valuation Short (Blackwell); Maso Capital Partners Limited (Blackwell - Series A); Orso Partners, LP (Blackwell - Series A); Numerai GP LLC (Blackwell - Series A)",TRUE,4,-0.033558371,-2735722.864,0.8,0.42,1,AI Laggard,0,0,0,0,0,0,Not in Discovery Universe,NA,NA,NA,Underperformer,NA,NA,0.205457585,FALSE,NA
ARES US,46365436647,NA,0,Financial Services,4.615722324,39.02358457,39.02358457,0.1,0.03,3.5426E-05,4,1,2,2,0.575,2,Developing,0.013157895,12/31/2024,Direct: Slow Growth High Valuation Short (Blackwell); Maso Capital Partners Limited (Blackwell - Series A); Boldhaven Management LLP (Blackwell - Series E),TRUE,3,3.5426E-05,-7334459.237,0.8,0.46,1,AI Laggard,0,0,0,0,0,0,Not in Discovery Universe,NA,NA,NA,Underperformer,NA,NA,0.205457585,FALSE,NA
ASAN US,2830238162,341.467,0,Software & Services,10.93817049,70.66699947,70.66699947,0.1,1.2065E-07,0.004608295,3,1,3,1,0.5,1,Emerging,0.013157895,12/31/2024,Direct: Systematic Short (Blackwell); Stony Point Capital LLC (Blackwell - Series E); Numerai GP LLC (Blackwell - Series A),TRUE,3,-0.014764495,-796224.5245,1.4,0.7,3,AI Adopter,0,0,0,0,0,0,Not in Discovery Universe,NA,NA,NA,Underperformer,NA,NA,0.205457585,FALSE,NA
ASML US,3.97E+11,4303.7,54.9,Semiconductors & Semiconductor,2.5560172,45.09479032,45.09479032,0.1,1.08406E-08,0.0001372,2,3,1,2,0.525,1,Emerging,0.013157895,12/31/2024,"Bridgewater Pure Alpha Fund II, Ltd.",TRUE,1,0.0001372,18017.67191,1.5,0.7875,3,AI Adopter,0,0,0,0,0,0,Not in Discovery Universe,NA,NA,NA,Underperformer,Medium,Low,0.049943474,FALSE,Underperformer
AVGO US,1.63E+12,9310,1351,Semiconductors & Semiconductor,43.98503587,56.27682295,56.27682295,0.1,5.71166E-09,0.164125665,1,4,4,1,0.625,2,Developing,0.013157895,12/31/2024,"Tree Line Asia Fund; Gladstone Capital Management LLP (Blackwell - Series E); Stony Point Capital LLC (Blackwell - Series E); Bridgewater Pure Alpha Fund II, Ltd.",TRUE,4,0.164125665,27058241.28,1.5,0.9375,4,AI Leader,0,0,0,0,0,0,Not in Discovery Universe,NA,NA,NA,AI Focused,NA,NA,0.205457585,FALSE,NA
AXP US,2.36E+11,NA,0,Financial Services,10.14933793,30.59741043,30.59741043,0.1,0.03,0.001562989,4,1,3,3,0.675,3,Strong,0.013157895,12/31/2024,Numerai GP LLC (Blackwell - Series A),TRUE,1,0.001562989,195744.3445,0.8,0.54,2,AI Follower,0,0,0,0,0,0,Not in Discovery Universe,NA,NA,NA,Underperformer,NA,NA,0.205457585,FALSE,NA
AZN US,2.79E+11,13583,0,"Pharmaceuticals, Biotechnology",18.03496977,24.91638194,24.91638194,0.1,4.86846E-08,0.000295892,3,1,3,4,0.65,3,Strong,0.013157895,12/31/2024,"Bridgewater Pure Alpha Fund II, Ltd.",TRUE,1,0.000295892,38847.42987,1.2,0.78,3,AI Adopter,0,0,0,0,0,0,Not in Discovery Universe,NA,NA,NA,Balanced,NA,NA,0.205457585,FALSE,NA
BA US,1.42E+11,3812,197,Capital Goods,-14.49597655,36.57222421,36.57222421,0.1,2.68451E-08,0.131380954,2,3,1,2,0.525,1,Emerging,0.013157895,12/31/2024,"Nantahala Capital Mangement, LLC (Blackwell - Series A); Numerai GP LLC (Blackwell - Series A); Jones Road Capital Management LP (Blackwell-Series A); Direct: Systematic Short (Blackwell); Discerene Group LP (Blackwell - Series A); HongShan Capital Growth 2010 Fund, LP (fka Sequoia Capital China Growth 2010 Fund, LP); Tiger Global Private Investment Partners VII, L.P.",TRUE,7,0.131380954,10209979.8,0.9,0.4725,1,AI Laggard,0,0,0,0,0,0,Not in Discovery Universe,NA,NA,NA,Underperformer,NA,NA,0.205457585,FALSE,NA
BABA US,3.82E+11,57151,0,Consumer Discretionary Distrib,5.862821515,46.62626311,46.62626311,0.1,1.4961E-07,0.406745009,3,1,2,2,0.5,1,Emerging,0.013157895,12/31/2024,"Jones Road Capital Management LP (Blackwell-Series A); Discerene Group LP (Blackwell - Series A); HongShan Capital Growth 2010 Fund, LP (fka Sequoia Capital China Growth 2010 Fund, LP); Tiger Global Private Investment Partners VII, L.P.",TRUE,4,0.406745009,32275053.9,1,0.5,1,AI Laggard,0,0,0,0,0,0,Not in Discovery Universe,NA,NA,NA,Underperformer,Low,Low,0.00900588,FALSE,Underperformer
BAC US,3.81E+11,NA,0,Banks,11.93750291,27.20410273,27.20410273,0.1,0.03,0.119929397,4,1,3,3,0.675,3,Strong,0.013157895,12/31/2024,Numerai GP LLC (Blackwell - Series A); Rush Island Management LP (fka Northwood Liquid) (Blackwell - Series E),TRUE,2,0.119929397,24724874.26,1,0.675,3,AI Adopter,0,0,0,0,0,0,Not in Discovery Universe,NA,NA,NA,Balanced,NA,NA,0.205457585,FALSE,NA
BAM US,80728499560,0,0,Financial Services,25.84856397,32.45854391,32.45854391,0.1,0,0.0000291,1,1,4,3,0.5,1,Emerging,0.013157895,12/31/2024,"Bridgewater Pure Alpha Fund II, Ltd.",TRUE,1,0.0000291,3817.98958,0.8,0.4,1,AI Laggard,0,0,0,0,0,0,Not in Discovery Universe,NA,NA,NA,Underperformer,NA,NA,0.205457585,FALSE,NA
BIDU US,39773529871,22133,283,Media & Entertainment,-1.094369901,46.2832842,46.2832842,0.1,5.56476E-07,0.004608295,3,4,1,2,0.675,3,Strong,NA,NA,,FALSE,0,0,0,1.3,0.8775,4,AI Leader,0,0,0,0,0,0,Tier 2: Strong Candidates,28,12,15,AI Focused,NA,NA,0.205457585,FALSE,NA
BILI US,10850990674,3685.214,2117.231,Media & Entertainment,19.10307388,66.89168918,66.89168918,0.1,3.3962E-07,1.175E-09,3,4,3,1,0.725,4,Leader,0.013157895,12/31/2024,"Qiming Venture Partners IV, L.P.; Tiger Global Private Investment Partners IX, L.P.",TRUE,2,1.175E-09,0.018461387,1.3,0.9425,4,AI Leader,0,0,0,0,0,0,Not in Discovery Universe,NA,NA,NA,AI Pioneer,NA,NA,0.205457585,FALSE,NA
BILL US,4843076406,340.059,0,Software & Services,13.36240439,63.25365713,63.25365713,0.1,7.02155E-08,0.004608295,3,1,3,1,0.5,1,Emerging,0.013157895,12/31/2024,"BWCP, LP (Blackwell Series - A); Stony Point Capital LLC (Blackwell - Series E); Bridgewater Pure Alpha Fund II, Ltd.; Numerai GP LLC (Blackwell - Series A)",TRUE,4,-0.024298643,-3055235.482,1.4,0.7,3,AI Adopter,0,0,0,0,0,0,Not in Discovery Universe,NA,NA,NA,Underperformer,NA,NA,0.205457585,FALSE,NA
BIO US,8334306516,295.9,1.1,"Pharmaceuticals, Biotechnology",-3.921816729,41.97170601,41.97170601,0.1,3.55039E-08,0.004608295,2,3,1,2,0.525,1,Emerging,0.013157895,12/31/2024,"Silverback Asset Management (Blackwell - Series B); Silverback Convertible Fund Limited; Nantahala Capital Mangement, LLC (Blackwell - Series A); Paradigm BioCapital Advisors (Blackwell - Series A); Philosophy Capital Management, LLC (Blackwell - Series A); Direct: Systematic Short (Blackwell); Numerai GP LLC (Blackwell - Series A)",TRUE,7,-0.000772037,566098.9202,1.2,0.63,2,AI Follower,0,0,0,0,0,0,Not in Discovery Universe,NA,NA,NA,Underperformer,Low,Low,0.3064015,FALSE,Underperformer
BLK US,1.67E+11,NA,0,Financial Services,14.2673162,25.32333518,25.32333518,0.1,0.03,0.017932232,4,1,3,4,0.725,4,Leader,0.013157895,12/31/2024,"Numerai GP LLC (Blackwell - Series A); Philosophy Capital Management, LLC (Blackwell - Series A)",TRUE,2,0.017932232,3034728.14,0.8,0.58,2,AI Follower,0,0,0,0,0,0,Not in Discovery Universe,NA,NA,NA,Innovation Leader,NA,NA,0.205457585,FALSE,NA
BP US,93552699878,301,0,Energy,-9.967639081,27.74074954,27.74074954,0.1,3.21744E-09,0.004608295,1,1,1,3,0.35,1,Emerging,0.013157895,12/31/2024,"Nantahala Capital Mangement, LLC (Blackwell - Series A); Bridgewater Pure Alpha Fund II, Ltd.; Numerai GP LLC (Blackwell - Series A)",TRUE,3,-0.002503552,-1390620.778,0.7,0.245,1,AI Laggard,0,0,0,0,0,0,Not in Discovery Universe,NA,NA,NA,Underperformer,NA,NA,0.205457585,FALSE,NA
BRK/B US,1.08E+12,0,8982,Financial Services,-3.43813519,18.54958909,18.54958909,0.1,0,0.004608295,1,4,1,4,0.625,2,Developing,NA,NA,,FALSE,0,0,0,0.8,0.5,1,AI Laggard,0,0,0,0,0,0,Tier 3: Watch List,36,53,45.5,Underperformer,NA,NA,0.205457585,FALSE,NA
BX US,1.69E+11,NA,0,Financial Services,64.9037791,36.09603095,36.09603095,0.1,0.03,0.017401879,4,1,4,2,0.675,3,Strong,0.013157895,12/31/2024,"The Visualize Group LP (Blackwell - Series A); Direct: Short Strategy 1a (Blackwell); Direct: Slow Growth High Valuation Short (Blackwell); Maso Capital Partners Limited (Blackwell - Series A); Orso Partners, LP (Blackwell - Series A); Bridgewater Pure Alpha Fund II, Ltd.; Numerai GP LLC (Blackwell - Series A); Direct: Opportunistic Highly Levered (Blackwell); Nantahala Capital Mangement, LLC (Blackwell - Series A)",TRUE,9,0.017401879,2902631.677,0.8,0.54,1,AI Laggard,0,0,0,0,0,0,Not in Discovery Universe,NA,NA,NA,Underperformer,NA,NA,0.205457585,FALSE,NA
BYDDF US,1.18E+11,54160.964,869.525,Automobiles & Components,29.01920063,45.0077853,45.0077853,0.1,4.58991E-07,0.004608295,3,4,4,2,0.825,4,Leader,NA,NA,,FALSE,0,0,0,1.1,0.9075,4,AI Leader,0,0,0,0,0,0,Tier 1: Top 10 Opportunities,7,11,8,AI Pioneer,NA,NA,0.205457585,FALSE,NA
CAJPY US,37812194204,337348,0,Technology Hardware & Equipmen,7.865371976,24.91221903,24.91221903,0.1,8.92167E-06,0.004608295,4,1,2,4,0.675,3,Strong,NA,NA,,FALSE,0,0,0,1.2,0.81,4,AI Leader,0,0,0,0,0,0,Tier 2: Strong Candidates,24.5,18,18,AI Focused,NA,NA,0.205457585,FALSE,NA
CAT US,2.59E+11,2107,0,Capital Goods,-3.356695497,30.88276738,30.88276738,0.1,8.13514E-09,0.004608295,1,1,1,3,0.35,1,Emerging,0.013157895,12/31/2024,"Solas Capital Management LLC (Blackwell - Series A); Numerai GP LLC (Blackwell - Series A); Nantahala Capital Mangement, LLC (Blackwell - Series A)",TRUE,3,-0.072316084,-13649879.06,0.9,0.315,1,AI Laggard,0,0,0,0,0,0,Not in Discovery Universe,NA,NA,NA,Underperformer,Low,Low,0.284959677,FALSE,Underperformer
CBOE US,26936544349,0,928.6,Financial Services,8.050052138,22.45024943,22.45024943,0.1,0,0.004608295,1,4,2,4,0.675,3,Strong,0.013157895,12/31/2024,Numerai GP LLC (Blackwell - Series A),TRUE,1,-0.000862561,-108024.6726,0.8,0.54,2,AI Follower,0,0,0,0,0,0,Not in Discovery Universe,NA,NA,NA,Underperformer,NA,NA,0.205457585,FALSE,NA
CITADL 5.9 02/10/30,NA,NA,0,Unknown,NA,NA,0.3,0.1,0.03,0.004608295,4,1,NA,4,NA,NA,Emerging,NA,NA,,FALSE,0,0,0,1,NA,NA,AI Laggard,0,0,0,0,0,0,Tier 4: Monitor,68,68,68,Underperformer,NA,NA,0.205457585,FALSE,NA
CME US,99637326593,255.8,450,Financial Services,9.880083888,18.055935,18.055935,0.1,2.56731E-09,0.003505424,1,4,3,4,0.725,4,Leader,0.013157895,12/31/2024,Numerai GP LLC (Blackwell - Series A),TRUE,1,0.003505424,439009.3659,0.8,0.58,2,AI Follower,0,0,0,0,0,0,Not in Discovery Universe,NA,NA,NA,Innovation Leader,NA,NA,0.205457585,FALSE,NA
COIN US,70250302861,1468.252,0,Financial Services,111.1717893,80.24503561,80.24503561,0.1,2.09003E-08,0.004608295,2,1,4,1,0.475,1,Emerging,0.013157895,12/31/2024,"Silverback Asset Management (Blackwell - Series B); Silverback Convertible Fund Limited; Orso Partners, LP (Blackwell - Series A); Bridgewater Pure Alpha Fund II, Ltd.; Numerai GP LLC (Blackwell - Series A)",TRUE,5,-0.044427094,-4947011.595,0.8,0.38,1,AI Laggard,0,0,0,0,0,0,Not in Discovery Universe,NA,NA,NA,Underperformer,NA,NA,0.205457585,FALSE,NA
CRM US,2.19E+11,5493,0,Software & Services,8.71560949,32.30885036,32.30885036,0.1,2.50822E-08,0.006349306,2,1,2,3,0.475,1,Emerging,0.013157895,12/31/2024,"Bridgewater Pure Alpha Fund II, Ltd.; Numerai GP LLC (Blackwell - Series A)",TRUE,2,0.006349306,824385.841,1.4,0.665,2,AI Follower,0,0,0,0,0,0,Not in Discovery Universe,NA,NA,NA,Underperformer,Low,Low,0.243202961,FALSE,Underperformer
CRWD US,1.28E+11,1076.901,0,Software & Services,29.39135443,47.76762567,47.76762567,0.1,8.41329E-09,0.004608295,1,1,4,1,0.4,1,Emerging,0.013157895,12/31/2024,Direct: Systematic Short (Blackwell); Sylebra Capital Limited (Blackwell - Series A),TRUE,2,-0.050565021,-4802786.213,1.4,0.56,2,AI Follower,0,0,0,0,0,0,Not in Discovery Universe,NA,NA,NA,Underperformer,NA,NA,0.205457585,FALSE,NA
CSCO US,3.1E+11,9300,454,Technology Hardware & Equipmen,5.298961024,22.83191125,22.83191125,0.1,0.00000003,0.004608295,2,4,2,4,0.75,4,Leader,0.013157895,12/31/2024,"Bridgewater Pure Alpha Fund II, Ltd.; Numerai GP LLC (Blackwell - Series A)",TRUE,2,-0.001586152,-193824.4521,1.2,0.9,4,AI Leader,0,0,0,0,0,0,Not in Discovery Universe,NA,NA,NA,AI Pioneer,NA,NA,0.205457585,FALSE,NA
CTREV 3 7/8 06/30/28,8236432370,NA,0,Unknown,36.05455297,4.32015419,4.32015419,0.1,0.03,0.004608295,4,1,4,4,0.775,4,Leader,NA,NA,,FALSE,0,0,0,1,0.775,3,AI Adopter,0,0,0,0,0,0,Tier 2: Strong Candidates,12.5,19,16,Innovation Leader,NA,NA,0.205457585,FALSE,NA
CVX US,3.04E+11,353,0,Energy,-1.776926866,24.12549903,24.12549903,0.1,1.16118E-09,0.193550484,1,1,1,4,0.4,1,Emerging,0.013157895,12/31/2024,"Numerai GP LLC (Blackwell - Series A); Nantahala Capital Mangement, LLC (Blackwell - Series A); Paradigm BioCapital Advisors (Blackwell - Series A); Saturn V Capital Management (Blackwell - Series E)",TRUE,4,0.193550484,34463244.05,0.7,0.28,1,AI Laggard,0,0,0,0,0,0,Not in Discovery Universe,NA,NA,NA,Underperformer,Low,Low,0.420302609,FALSE,Underperformer
DDOG US,61638710692,1152.703,0,Software & Services,26.11946575,45.64784,45.64784,0.1,1.8701E-08,0.004608295,2,1,4,2,0.525,1,Emerging,0.013157895,12/31/2024,Silverback Asset Management (Blackwell - Series B); Direct: Short Strategy 1a (Blackwell); Stony Point Capital LLC (Blackwell - Series E); Numerai GP LLC (Blackwell - Series A),TRUE,4,-0.003805676,1610480.406,1.4,0.735,3,AI Adopter,0,0,0,0,0,0,Not in Discovery Universe,NA,NA,NA,Underperformer,NA,NA,0.205457585,FALSE,NA
DE US,1.27E+11,2290,722,Capital Goods,-15.56709278,27.43647279,27.43647279,0.1,1.80315E-08,0.004608295,2,4,1,3,0.65,3,Strong,0.013157895,12/31/2024,"Nantahala Capital Mangement, LLC (Blackwell - Series A); Numerai GP LLC (Blackwell - Series A); Permian Investment Partners (Blackwell - Series E); Alta Fundamental Advisers LLC (Blackwell - Series A); Philosophy Capital Management, LLC (Blackwell - Series A)",TRUE,5,-0.016193686,-3247523.419,0.9,0.585,2,AI Follower,0,0,0,0,0,0,Not in Discovery Universe,NA,NA,NA,Underperformer,Low,Low,0.177512157,FALSE,Underperformer
DIS US,1.91E+11,0,5473,Media & Entertainment,3.353728615,28.1008557,28.1008557,0.1,0,0.004608295,1,4,1,3,0.575,2,Developing,0.013157895,12/31/2024,Numerai GP LLC (Blackwell - Series A),TRUE,1,-0.000981577,-122929.923,1.3,0.7475,3,AI Adopter,0,0,0,0,0,0,Not in Discovery Universe,NA,NA,NA,Underperformer,NA,NA,0.205457585,FALSE,NA
DOCU US,12999370123,588.455,0,Software & Services,7.779369285,49.6855479,49.6855479,0.1,4.5268E-08,0.004608295,3,1,2,1,0.45,1,Emerging,0.013157895,12/31/2024,"Gladstone Capital Management LLP (Blackwell - Series E); Bridgewater Pure Alpha Fund II, Ltd.",TRUE,2,-0.001890319,-425340.2977,1.4,0.63,2,AI Follower,0,0,0,0,0,0,Not in Discovery Universe,NA,NA,NA,Underperformer,NA,NA,0.205457585,FALSE,NA
DUK US,96055770000,0,0,Utilities,4.463179628,17.21193674,17.21193674,0.1,0,0.004608295,1,1,2,4,0.45,1,Emerging,0.013157895,12/31/2024,Jones Road Capital Management LP (Blackwell-Series A),TRUE,1,-0.008839623,-1220692.683,0.5,0.225,1,AI Laggard,0,0,0,0,0,0,Not in Discovery Universe,NA,NA,NA,Underperformer,Low,Medium,0.384089929,FALSE,Underperformer
EADSY US,1.88E+11,3250,0,Capital Goods,5.781865966,29.73165982,29.73165982,0.1,1.72872E-08,0.004608295,2,1,2,3,0.475,1,Emerging,NA,NA,,FALSE,0,0,0,0.9,0.4275,1,AI Laggard,0,0,0,0,0,0,Tier 4: Monitor,56,58.5,59.5,Underperformer,NA,NA,0.205457585,FALSE,NA
FANUY US,30296706924,46666,0,Capital Goods,0.233252942,35.08467994,35.08467994,0.1,1.5403E-06,0.004608295,3,1,1,2,0.45,1,Emerging,NA,NA,,FALSE,0,0,0,0.9,0.405,1,AI Laggard,0,0,0,0,0,0,Tier 4: Monitor,60.5,60.5,61.5,Underperformer,NA,NA,0.205457585,FALSE,NA
FRCOY US,1.09E+11,0,8307,Consumer Discretionary Distrib,9.559235733,32.43019311,32.43019311,0.1,0,0.004608295,1,4,3,3,0.675,3,Strong,NA,NA,,FALSE,0,0,0,1,0.675,3,AI Adopter,0,0,0,0,0,0,Tier 3: Watch List,24.5,32,28,Balanced,NA,NA,0.205457585,FALSE,NA
FSLY US,1543615740,137.98,0,Software & Services,7.448397986,73.07446864,73.07446864,0.1,8.93875E-08,0.004608295,3,1,2,1,0.45,1,Emerging,NA,NA,,FALSE,0,0,0,1.4,0.63,2,AI Follower,0,0,0,0,0,0,Tier 3: Watch List,58.5,39.5,50,Underperformer,NA,NA,0.205457585,FALSE,NA
GE US,3.15E+11,1286,1985,Capital Goods,9.488514202,31.76196897,31.76196897,0.1,4.08254E-09,0.1635085,1,4,2,3,0.625,2,Developing,0.013157895,12/31/2024,"Direct: Short Strategy 1a (Blackwell); Nantahala Capital Mangement, LLC (Blackwell - Series A); Paradigm BioCapital Advisors (Blackwell - Series A); Solas Capital Management LLC (Blackwell - Series A); Bridgewater Pure Alpha Fund II, Ltd.; The Children's Investment Fund; Gladstone Capital Management LLP (Blackwell - Series E); Numerai GP LLC (Blackwell - Series A)",TRUE,8,0.1635085,38445363.07,0.9,0.5625,2,AI Follower,0,0,0,0,0,0,Not in Discovery Universe,NA,NA,NA,Balanced Performer,Medium,High,0.332208119,FALSE,Balanced Performer
GOOGL US,3.61E+12,49326,0,Media & Entertainment,13.86624332,31.41169684,31.41169684,0.1,1.36637E-08,0.221508133,2,1,3,3,0.525,2,Developing,0.013157895,12/31/2024,"The Children's Investment Fund; Gladstone Capital Management LLP (Blackwell - Series E); Stony Point Capital LLC (Blackwell - Series E); Bridgewater Pure Alpha Fund II, Ltd.; Numerai GP LLC (Blackwell - Series A)",TRUE,5,0.221508133,39354240.86,1.3,0.6825,3,AI Adopter,0,0,0,0,0,0,Not in Discovery Universe,NA,NA,NA,Underperformer,NA,NA,0.205457585,FALSE,NA
GRAB US,21606376421,410,0,Transportation,18.56718949,48.47378566,48.47378566,0.1,1.89759E-08,0.001029063,2,1,3,1,0.425,1,Emerging,0.013157895,12/31/2024,"Bridgewater Pure Alpha Fund II, Ltd.; Numerai GP LLC (Blackwell - Series A)",TRUE,2,0.001029063,131271.6676,1,0.425,1,AI Laggard,0,0,0,0,0,0,Not in Discovery Universe,NA,NA,NA,Underperformer,NA,NA,0.205457585,FALSE,NA
GS US,2.42E+11,NA,0,Financial Services,17.00363408,31.69149065,31.69149065,0.1,0.03,0.004608295,4,1,3,3,0.675,3,Strong,0.013157895,12/31/2024,"Nantahala Capital Mangement, LLC (Blackwell - Series A); Direct: Negative CF NI Short (Blackwell - Series A); Numerai GP LLC (Blackwell - Series A); Direct: Systematic Short (Blackwell); Stony Point Capital LLC (Blackwell - Series E); Orso Partners, LP (Blackwell - Series A)",TRUE,6,-0.032093581,-539146.9094,0.8,0.54,2,AI Follower,0,0,0,0,0,0,Not in Discovery Universe,NA,NA,NA,Underperformer,NA,NA,0.205457585,FALSE,NA
HD US,3.33E+11,0,0,Consumer Discretionary Distrib,4.483555928,22.73838896,22.73838896,0.1,0,0.004608295,1,1,2,4,0.45,1,Emerging,0.013157895,12/31/2024,"Bridgewater Pure Alpha Fund II, Ltd.; Numerai GP LLC (Blackwell - Series A); Nantahala Capital Mangement, LLC (Blackwell - Series A); Orso Partners, LP (Blackwell - Series A); Philosophy Capital Management, LLC (Blackwell - Series A)",TRUE,5,-0.022642438,-2982576.322,1,0.45,1,AI Laggard,0,0,0,0,0,0,Not in Discovery Universe,NA,NA,NA,Underperformer,NA,NA,0.205457585,FALSE,NA
HDB US,1.9E+11,NA,0,Banks,15.38111314,22.27408849,22.27408849,0.1,0.03,0.004608295,4,1,3,4,0.725,4,Leader,NA,NA,,FALSE,0,0,0,1,0.725,3,AI Adopter,0,0,0,0,0,0,Tier 2: Strong Candidates,15.5,23.5,20.5,Balanced Performer,Medium,Medium,0.205457585,FALSE,Balanced Performer
HMC US,51691200000,1099482,0,Automobiles & Components,6.167591227,32.69444146,32.69444146,0.1,2.12702E-05,0.004608295,4,1,2,3,0.625,2,Developing,NA,NA,,FALSE,0,0,0,1.1,0.6875,3,AI Adopter,0,0,0,0,0,0,Tier 3: Watch List,36,29,34,Underperformer,NA,NA,0.205457585,FALSE,NA
HOOD US,1.04E+11,818,0,Financial Services,58.230563,72.52966397,72.52966397,0.1,7.86538E-09,0.004608295,1,1,4,1,0.4,1,Emerging,0.013157895,12/31/2024,"Nantahala Capital Mangement, LLC (Blackwell - Series A); Orso Partners, LP (Blackwell - Series A); Numerai GP LLC (Blackwell - Series A)",TRUE,3,-0.031735307,-3636105.087,0.8,0.32,1,AI Laggard,0,0,0,0,0,0,Not in Discovery Universe,NA,NA,NA,Underperformer,NA,NA,0.205457585,FALSE,NA
HSBC US,2.38E+11,NA,0,Banks,8.017731522,24.49986437,24.49986437,0.1,0.03,0.004608295,4,1,2,4,0.675,3,Strong,NA,NA,,FALSE,0,0,0,1,0.675,3,AI Adopter,0,0,0,0,0,0,Tier 3: Watch List,24.5,32,28,Balanced,NA,NA,0.205457585,FALSE,NA
HTHIY US,1.41E+11,259400,0,Capital Goods,0.561780198,43.43479351,43.43479351,0.1,1.83972E-06,0.004608295,3,1,1,2,0.45,1,Emerging,NA,NA,,FALSE,0,0,0,0.9,0.405,1,AI Laggard,0,0,0,0,0,0,Tier 4: Monitor,60.5,60.5,61.5,Underperformer,NA,NA,0.205457585,FALSE,NA
HUBS US,19201399864,778.714,0,Software & Services,21.07209835,45.70368676,45.70368676,0.1,4.05551E-08,0.000456767,2,1,4,2,0.525,2,Developing,0.013157895,12/31/2024,"Bridgewater Pure Alpha Fund II, Ltd.; Numerai GP LLC (Blackwell - Series A)",TRUE,2,0.000456767,57516.71789,1.4,0.735,3,AI Adopter,0,0,0,0,0,0,Not in Discovery Universe,NA,NA,NA,Underperformer,NA,NA,0.205457585,FALSE,NA
IBM US,2.71E+11,7479,1307,Software & Services,1.443582283,28.37598629,28.37598629,0.1,2.75978E-08,0.004608295,2,4,1,3,0.65,3,Strong,0.013157895,12/31/2024,"BWCP, LP (Blackwell Series - A); Direct: Slow Growth High Valuation Short (Blackwell); Numerai GP LLC (Blackwell - Series A)",TRUE,3,-0.109663336,-7697145.6,1.4,0.91,4,AI Leader,0,0,0,0,0,0,Not in Discovery Universe,NA,NA,NA,Balanced Performer,High,Medium,0.11207581,FALSE,Balanced Performer
IBN US,1.12E+11,NA,0,Banks,58.56966406,20.10340074,20.10340074,0.1,0.03,0.004608295,4,1,4,4,0.775,4,Leader,0.013157895,12/31/2024,"Nantahala Capital Mangement, LLC (Blackwell - Series A); Numerai GP LLC (Blackwell - Series A)",TRUE,2,-0.00261325,-666603.1383,1,0.775,3,AI Adopter,0,0,0,0,0,0,Not in Discovery Universe,NA,NA,NA,Innovation Leader,NA,NA,0.205457585,FALSE,NA
ICE US,87111884216,0,579,Financial Services,16.16174261,18.51961165,18.51961165,0.1,0,0.067636475,1,4,3,4,0.725,4,Leader,0.013157895,12/31/2024,The Visualize Group LP (Blackwell - Series A); Direct: Systematic Short (Blackwell); Gladstone Capital Management LLP (Blackwell - Series E); Numerai GP LLC (Blackwell - Series A),TRUE,4,0.067636475,6700107.146,0.8,0.58,2,AI Follower,0,0,0,0,0,0,Not in Discovery Universe,NA,NA,NA,Innovation Leader,NA,NA,0.205457585,FALSE,NA
INF US,NA,NA,0,Unknown,NA,NA,0.3,0.1,0.03,0.004608295,4,2,NA,4,NA,NA,Emerging,0.013157895,12/31/2024,Direct: Short Strategy 1a (Blackwell); Direct: Slow Growth High Valuation Short (Blackwell); Numerai GP LLC (Blackwell - Series A),TRUE,3,-0.024643041,-744538.5948,1,NA,NA,AI Laggard,0,0,0,0,0,0,Not in Discovery Universe,NA,NA,NA,Underperformer,Low,Low,0.194114766,FALSE,Underperformer
INFY US,71871143338,12960,2280,Software & Services,6.064944361,26.27683008,26.27683008,0.1,1.80323E-07,0.004608295,3,4,2,3,0.775,4,Leader,NA,NA,,FALSE,0,0,0,1.4,1.085,4,AI Leader,0,0,0,0,0,0,Tier 1: Top 10 Opportunities,12.5,3,3,AI Pioneer,NA,NA,0.205457585,FALSE,NA
INTC US,1.65E+11,16546,1535,Semiconductors & Semiconductor,-2.078262152,64.10208133,64.10208133,0.1,1.00279E-07,0.004608295,3,4,1,1,0.625,2,Developing,0.013157895,12/31/2024,Discerene Group LP (Blackwell - Series A); Direct: Systematic Short (Blackwell),TRUE,2,-0.003693614,2980078.023,1.5,0.9375,4,AI Leader,0,0,0,0,0,0,Not in Discovery Universe,NA,NA,NA,AI Pioneer,High,High,0.399378982,FALSE,AI Pioneer
IQ US,2123065718,1778.403,21637.922,Media & Entertainment,-8.306221531,64.20581847,64.20581847,0.1,8.37658E-07,0.004608295,3,4,1,1,0.625,3,Strong,NA,NA,,FALSE,0,0,0,1.3,0.8125,4,AI Leader,0,0,0,0,0,0,Tier 2: Strong Candidates,36,17,23,AI Focused,NA,NA,0.205457585,FALSE,NA
ITOCY US,92573395929,0,492990,Capital Goods,4.948884205,29.65964319,29.65964319,0.1,0,0.004608295,1,4,2,3,0.625,3,Strong,NA,NA,,FALSE,0,0,0,0.9,0.5625,2,AI Follower,0,0,0,0,0,0,Tier 3: Watch List,36,47,44,Underperformer,NA,NA,0.205457585,FALSE,NA
J US,17895804774,0,191.485,Commercial & Professional Serv,5.985585297,24.05508053,24.05508053,0.1,0,0.040270603,1,3,2,4,0.6,2,Developing,0.013157895,12/31/2024,"Goehring & Rozencwajg Global Natural Resources Fund (Separate Account); Bridgewater Pure Alpha Fund II, Ltd.; Numerai GP LLC (Blackwell - Series A); Nantahala Capital Mangement, LLC (Blackwell - Series A); Paradigm BioCapital Advisors (Blackwell - Series A)",TRUE,5,0.040270603,1698095.534,1,0.6,2,AI Follower,0,0,0,0,0,0,Not in Discovery Universe,NA,NA,NA,Balanced Performer,Medium,High,0.396666753,FALSE,Balanced Performer
JANEST TL B 1L USD,NA,NA,0,Unknown,NA,NA,0.3,0.1,0.03,0.004608295,4,2,NA,4,NA,NA,Emerging,NA,NA,,FALSE,0,0,0,1,NA,NA,AI Laggard,0,0,0,0,0,0,Tier 4: Monitor,69,69,69,Underperformer,NA,NA,0.205457585,FALSE,NA
JBL US,21595030928,26,58,Technology Hardware & Equipmen,3.181802444,40.42658147,40.42658147,0.1,1.20398E-09,0.163627893,1,3,1,2,0.45,1,Emerging,0.013157895,12/31/2024,"Praesidium (Separate Account); Bridgewater Pure Alpha Fund II, Ltd.; Numerai GP LLC (Blackwell - Series A)",TRUE,3,0.163627893,28381647.85,1.2,0.54,1,AI Laggard,0,0,0,0,0,0,Not in Discovery Universe,NA,NA,NA,Underperformer,Low,Low,0.028189347,FALSE,Underperformer
JD US,42451022215,17031,0,Consumer Discretionary Distrib,6.836876373,48.29760229,48.29760229,0.1,4.01192E-07,0.098245672,3,2,2,1,0.525,2,Developing,0.013157895,12/31/2024,"Discerene Group LP (Blackwell - Series A); HongShan Capital Growth 2010 Fund, LP (fka Sequoia Capital China Growth 2010 Fund, LP); KPCB China Fund, L.P.; Tiger Global Private Investment Partners V, L.P.",TRUE,4,0.098245672,8916836.736,1,0.525,1,AI Laggard,0,0,0,0,0,0,Not in Discovery Universe,NA,NA,NA,Underperformer,NA,NA,0.205457585,FALSE,NA
JNJ US,4.84E+11,17232,18571,"Pharmaceuticals, Biotechnology",4.300191407,18.64959199,18.64959199,0.1,3.56033E-08,0.004608295,2,4,2,4,0.75,4,Leader,0.013157895,12/31/2024,"Paradigm BioCapital Advisors (Blackwell - Series A); Bridgewater Pure Alpha Fund II, Ltd.; Numerai GP LLC (Blackwell - Series A)",TRUE,3,-0.01025636,-1728422.453,1.2,0.9,4,AI Leader,0,0,0,0,0,0,Not in Discovery Universe,NA,NA,NA,AI Pioneer,NA,NA,0.205457585,FALSE,NA
JPM US,8.24E+11,NA,0,Banks,16.48992378,26.0185324,26.0185324,0.1,0.03,0.004608295,4,2,3,3,0.75,4,Leader,0.013157895,12/31/2024,"Bridgewater Pure Alpha Fund II, Ltd.; Numerai GP LLC (Blackwell - Series A)",TRUE,2,-0.001237289,-154346.3566,1,0.75,3,AI Adopter,0,0,0,0,0,0,Not in Discovery Universe,NA,NA,NA,Innovation Leader,NA,NA,0.205457585,FALSE,NA
KAOCF US,18286575000,62100,26672,Household & Personal Products,6.255403473,NA,0.3,0.1,3.39593E-06,0.004608295,3,4,2,4,0.825,4,Leader,NA,NA,,FALSE,0,0,0,1,0.825,4,AI Leader,0,0,0,0,0,0,Tier 2: Strong Candidates,4,14.5,12,AI Pioneer,NA,NA,0.205457585,FALSE,NA
KKR US,1.02E+11,NA,0,Financial Services,37.79120069,42.67213505,42.67213505,0.1,0.03,0.004608295,4,2,4,2,0.75,4,Leader,0.013157895,12/31/2024,"Direct: Slow Growth High Valuation Short (Blackwell); Maso Capital Partners Limited (Blackwell - Series A); Bridgewater Pure Alpha Fund II, Ltd.",TRUE,3,-0.00728146,-185662.1288,0.8,0.6,2,AI Follower,0,0,0,0,0,0,Not in Discovery Universe,NA,NA,NA,Innovation Leader,NA,NA,0.205457585,FALSE,NA
KO US,3.06E+11,0,13301,"Food, Beverage & Tobacco",2.856580845,16.80440535,16.80440535,0.1,0,0.004608295,1,4,1,4,0.625,3,Strong,0.013157895,12/31/2024,"Nantahala Capital Mangement, LLC (Blackwell - Series A); Numerai GP LLC (Blackwell - Series A); Permian Investment Partners (Blackwell - Series E); Bridgewater Pure Alpha Fund II, Ltd.; Direct: Opportunistic Highly Levered (Blackwell)",TRUE,5,-0.024350247,-3529717.674,1,0.625,2,AI Follower,0,0,0,0,0,0,Not in Discovery Universe,NA,NA,NA,Balanced Performer,Medium,High,0.574999335,TRUE,Balanced Performer
KSPI US,13929177951,NA,0,Financial Services,35.16563975,40.72816449,40.72816449,0.1,0.03,0.033424159,4,2,4,2,0.75,4,Leader,0.013157895,12/31/2024,Direct: Frontier Markets (Separate Account),TRUE,1,0.033424159,1257865.5,0.8,0.6,2,AI Follower,0,0,0,0,0,0,Not in Discovery Universe,NA,NA,NA,Innovation Leader,NA,NA,0.205457585,FALSE,NA
KUASF US,35355439817,12199,6,Media & Entertainment,11.83396492,NA,0.3,0.1,3.45039E-07,0.004608295,3,3,3,4,0.8,4,Leader,NA,NA,,FALSE,0,0,0,1.3,1.04,4,AI Leader,0,0,0,0,0,0,Tier 1: Top 10 Opportunities,9,4,4,AI Pioneer,NA,NA,0.205457585,FALSE,NA
KYCCF US,81888027203,28856,0,Technology Hardware & Equipmen,9.496344419,41.03778543,41.03778543,0.1,3.52384E-07,0.004608295,3,2,3,2,0.625,3,Strong,NA,NA,,FALSE,0,0,0,1.2,0.75,3,AI Adopter,0,0,0,0,0,0,Tier 3: Watch List,36,22,25.5,Balanced,NA,NA,0.205457585,FALSE,NA
LI US,19365564643,11071.358,0,Automobiles & Components,16.63980005,57.21729015,57.21729015,0.1,5.71703E-07,0.004608295,3,2,3,1,0.575,2,Developing,0.013157895,12/31/2024,"BWCP, LP (Blackwell Series - A); Nantahala Capital Mangement, LLC (Blackwell - Series A); Numerai GP LLC (Blackwell - Series A); Bridgewater Pure Alpha Fund II, Ltd.; Solas Capital Management LLC (Blackwell - Series A); Qiming Venture Partners IV, L.P.; Tiger Global Private Investment Partners IX, L.P.",TRUE,7,-0.082145497,-15127201.44,1.1,0.6325,2,AI Follower,0,0,0,0,0,0,Not in Discovery Universe,NA,NA,NA,Underperformer,NA,NA,0.205457585,FALSE,NA
LIN US,1.93E+11,150,2239,Materials,0.45960918,17.69497142,17.69497142,0.1,7.77202E-10,0.004608295,1,4,1,4,0.625,3,Strong,NA,NA,,FALSE,0,0,0,0.8,0.5,1,AI Laggard,0,0,0,0,0,0,Tier 3: Watch List,36,53,45.5,Underperformer,Low,Medium,0.28114581,FALSE,Underperformer
LLY US,9.84E+11,10990.6,0,"Pharmaceuticals, Biotechnology",31.99674131,39.63184603,39.63184603,0.1,1.11693E-08,0.004608295,2,2,4,2,0.6,2,Developing,0.013157895,12/31/2024,"Gladstone Capital Management LLP (Blackwell - Series E); Bridgewater Pure Alpha Fund II, Ltd.; Nantahala Capital Mangement, LLC (Blackwell - Series A); Numerai GP LLC (Blackwell - Series A)",TRUE,4,-0.002416217,-312096.844,1.2,0.72,3,AI Adopter,0,0,0,0,0,0,Not in Discovery Universe,NA,NA,NA,Underperformer,Low,Low,0.2365655,FALSE,Underperformer
LMT US,1.09E+11,NA,837,Capital Goods,5.138298974,25.10951978,25.10951978,0.1,0.03,0.001392766,4,4,2,4,0.9,4,Leader,0.013157895,12/31/2024,Numerai GP LLC (Blackwell - Series A),TRUE,1,0.001392766,174425.96,0.9,0.81,4,AI Leader,0,0,0,0,0,0,Not in Discovery Universe,NA,NA,NA,Balanced Performer,Medium,High,0.241390161,FALSE,Balanced Performer
LOGM TL 1L USD,NA,NA,0,Software & Services,NA,NA,0.3,0.1,0.03,0.004608295,4,2,NA,4,NA,NA,Emerging,NA,NA,,FALSE,0,0,0,1.4,NA,NA,AI Laggard,0,0,0,0,0,0,Tier 4: Monitor,70,70,70,Underperformer,NA,NA,0.205457585,FALSE,NA
LRCX US,1.87E+11,2096.387,0,Semiconductors & Semiconductor,23.68408976,50.27890191,50.27890191,0.1,1.12106E-08,0.002326487,2,2,4,1,0.55,2,Developing,0.013157895,12/31/2024,"Bridgewater Pure Alpha Fund II, Ltd.; Numerai GP LLC (Blackwell - Series A)",TRUE,2,0.002326487,299611.9548,1.5,0.825,4,AI Leader,0,0,0,0,0,0,Not in Discovery Universe,NA,NA,NA,AI Focused,NA,NA,0.205457585,FALSE,NA
MA US,4.75E+11,NA,153,Financial Services,12.22806598,21.34616985,21.34616985,0.1,0.03,0.005531825,4,3,3,4,0.875,4,Leader,0.013157895,12/31/2024,"Bridgewater Pure Alpha Fund II, Ltd.; Paradigm BioCapital Advisors (Blackwell - Series A); Nantahala Capital Mangement, LLC (Blackwell - Series A); Philosophy Capital Management, LLC (Blackwell - Series A); Numerai GP LLC (Blackwell - Series A)",TRUE,5,0.005531825,1158458.246,0.8,0.7,3,AI Adopter,0,0,0,0,0,0,Not in Discovery Universe,NA,NA,NA,Innovation Leader,NA,NA,0.205457585,FALSE,NA
MARUY US,40759992429,0,0,Capital Goods,7.442960948,31.24850425,31.24850425,0.1,0,0.004608295,1,2,2,3,0.475,1,Emerging,NA,NA,,FALSE,0,0,0,0.9,0.4275,1,AI Laggard,0,0,0,0,0,0,Tier 4: Monitor,56,58.5,59.5,Underperformer,NA,NA,0.205457585,FALSE,NA
MBFJF US,1.85E+11,NA,0,Banks,10.1664513,68.13995559,68.13995559,0.1,0.03,0.004608295,4,2,3,1,0.65,3,Strong,NA,NA,,FALSE,0,0,0,1,0.65,2,AI Follower,0,0,0,0,0,0,Tier 3: Watch List,30,36,35,Underperformer,NA,NA,0.205457585,FALSE,NA
MC US,4817637476,NA,0,Financial Services,39.75405617,39.8606617,39.8606617,0.1,0.03,0.004608295,4,2,4,2,0.75,4,Leader,0.013157895,12/31/2024,"Gladstone Capital Management LLP (Blackwell - Series E); Numerai GP LLC (Blackwell - Series A); Direct: Opportunistic Highly Levered (Blackwell); Direct: Slow Growth High Valuation Short (Blackwell); Stony Point Capital LLC (Blackwell - Series E); Bridgewater Pure Alpha Fund II, Ltd.",TRUE,6,-0.024089547,-2043394.653,0.8,0.6,2,AI Follower,0,0,0,0,0,0,Not in Discovery Universe,NA,NA,NA,Innovation Leader,NA,NA,0.205457585,FALSE,NA
MCD US,2.16E+11,NA,0,Consumer Services,1.672177832,18.88017559,18.88017559,0.1,0.03,0.004608295,4,2,1,4,0.7,3,Strong,0.013157895,12/31/2024,"BWCP, LP (Blackwell Series - A); Permian Investment Partners (Blackwell - Series E); Solas Capital Management LLC (Blackwell - Series A); Bridgewater Pure Alpha Fund II, Ltd.; Numerai GP LLC (Blackwell - Series A)",TRUE,5,-0.045168458,-7705354.488,1,0.7,3,AI Adopter,0,0,0,0,0,0,Not in Discovery Universe,NA,NA,NA,Balanced,NA,NA,0.205457585,FALSE,NA
MCO US,83580400000,NA,193,Financial Services,19.81068289,25.56118747,25.56118747,0.1,0.03,0.088350681,4,3,4,3,0.875,4,Leader,0.013157895,12/31/2024,"Nantahala Capital Mangement, LLC (Blackwell - Series A); Numerai GP LLC (Blackwell - Series A); The Children's Investment Fund",TRUE,3,0.088350681,20051712.28,0.8,0.7,3,AI Adopter,0,0,0,0,0,0,Not in Discovery Universe,NA,NA,NA,Innovation Leader,NA,NA,0.205457585,FALSE,NA
MELI US,1.05E+11,1934,11,Consumer Discretionary Distrib,37.53226981,39.79943077,39.79943077,0.1,1.8419E-08,0.004608295,2,3,4,2,0.675,3,Strong,0.013157895,12/31/2024,"BWCP, LP (Blackwell Series - A); Bridgewater Pure Alpha Fund II, Ltd.",TRUE,2,-0.016853363,-2277836.659,1,0.675,3,AI Adopter,0,0,0,0,0,0,Not in Discovery Universe,NA,NA,NA,Balanced,NA,NA,0.205457585,FALSE,NA
META US,1.49E+12,43873,87,Media & Entertainment,21.94111281,36.45219459,36.45219459,0.1,2.9445E-08,0.249545108,2,3,4,2,0.675,3,Strong,0.013157895,12/31/2024,"Jones Road Capital Management LP (Blackwell-Series A); Gladstone Capital Management LLP (Blackwell - Series E); Maso Capital Partners Limited (Blackwell - Series A); Stony Point Capital LLC (Blackwell - Series E); Bridgewater Pure Alpha Fund II, Ltd.; Numerai GP LLC (Blackwell - Series A)",TRUE,6,0.249545108,30082166.76,1.3,0.8775,4,AI Leader,0,0,0,0,0,0,Not in Discovery Universe,NA,NA,NA,AI Pioneer,High,High,0.286891969,FALSE,AI Pioneer
MFG US,81604787668,NA,0,Banks,5.205263296,35.74635094,35.74635094,0.1,0.03,0.004608295,4,2,2,2,0.65,3,Strong,NA,NA,,FALSE,0,0,0,1,0.65,2,AI Follower,0,0,0,0,0,0,Tier 3: Watch List,31,37,36,Underperformer,NA,NA,0.205457585,FALSE,NA
MITEY US,26242596052,0,0,Real Estate Management & Devel,4.992732708,30.83918713,30.83918713,0.1,0,0.004608295,1,2,2,3,0.475,1,Emerging,NA,NA,,FALSE,0,0,0,1,0.475,1,AI Laggard,0,0,0,0,0,0,Tier 4: Monitor,56,55,56,Underperformer,NA,NA,0.205457585,FALSE,NA
MITSY US,74519195690,0,0,Capital Goods,10.03890298,32.20896575,32.20896575,0.1,0,0.004608295,1,2,3,3,0.525,2,Developing,NA,NA,,FALSE,0,0,0,0.9,0.4725,1,AI Laggard,0,0,0,0,0,0,Tier 4: Monitor,50,56.5,54.5,Underperformer,NA,NA,0.205457585,FALSE,NA
MKTX US,6354841008,0,24.687,Financial Services,8.57753735,28.44444616,28.44444616,0.1,0,0.000218243,1,3,2,3,0.55,2,Developing,0.013157895,12/31/2024,Numerai GP LLC (Blackwell - Series A),TRUE,1,0.000218243,27332.09151,0.8,0.44,1,AI Laggard,0,0,0,0,0,0,Not in Discovery Universe,NA,NA,NA,Underperformer,NA,NA,0.205457585,FALSE,NA
MMM US,87885871941,1085,187,Capital Goods,-24.80340259,32.55798633,32.55798633,0.1,1.23456E-08,0.04603863,2,3,1,3,0.575,2,Developing,0.013157895,12/31/2024,"Direct: Slow Growth High Valuation Short (Blackwell); Parsifal Capital Management (Blackwell - Series A); Numerai GP LLC (Blackwell - Series A); Apax Europe VII-A (Feeder), L.P.",TRUE,4,0.04603863,10817960.09,0.9,0.5175,1,AI Laggard,0,0,0,0,0,0,Not in Discovery Universe,NA,NA,NA,Underperformer,NA,NA,0.205457585,FALSE,NA
MPNGF US,76912967650,21053.601,0,Consumer Services,21.98653349,78.98630601,78.98630601,0.1,2.73733E-07,0.004608295,3,2,4,1,0.625,3,Strong,NA,NA,,FALSE,0,0,0,1,0.625,2,AI Follower,0,0,0,0,0,0,Tier 3: Watch List,36,43,40,Underperformer,NA,NA,0.205457585,FALSE,NA
MQ US,2076936155,60.059,0,Financial Services,-25.01970655,65.82762042,65.82762042,0.1,2.89171E-08,0.004608295,2,2,1,1,0.4,1,Emerging,NA,NA,,FALSE,0,0,0,0.8,0.32,1,AI Laggard,0,0,0,0,0,0,Tier 4: Monitor,64,65,65,Underperformer,NA,NA,0.205457585,FALSE,NA
MRAAY US,37768155459,149274,2495,Technology Hardware & Equipmen,6.291710921,36.80831197,36.80831197,0.1,3.95238E-06,0.004608295,3,4,2,2,0.725,4,Leader,NA,NA,,FALSE,0,0,0,1.2,0.87,4,AI Leader,0,0,0,0,0,0,Tier 2: Strong Candidates,18.5,13,14,AI Pioneer,NA,NA,0.205457585,FALSE,NA
MRK US,2.38E+11,17938,1927,"Pharmaceuticals, Biotechnology",6.742077684,28.82133848,28.82133848,0.1,7.53697E-08,0.004608295,3,4,2,3,0.775,4,Leader,0.013157895,12/31/2024,"Nantahala Capital Mangement, LLC (Blackwell - Series A); Numerai GP LLC (Blackwell - Series A); Bridgewater Pure Alpha Fund II, Ltd.",TRUE,3,-0.002408793,-576717.8821,1.2,0.93,4,AI Leader,0,0,0,0,0,0,Not in Discovery Universe,NA,NA,NA,AI Pioneer,NA,NA,0.205457585,FALSE,NA
MS US,2.56E+11,NA,0,Financial Services,11.52982515,31.23708384,31.23708384,0.1,0.03,0.003987179,4,2,3,3,0.75,4,Leader,0.013157895,12/31/2024,"Nantahala Capital Mangement, LLC (Blackwell - Series A); Saturn V Capital Management (Blackwell - Series E); Silverback Asset Management (Blackwell - Series B); Bridgewater Pure Alpha Fund II, Ltd.; Numerai GP LLC (Blackwell - Series A)",TRUE,5,0.003987179,1164788.87,0.8,0.6,2,AI Follower,0,0,0,0,0,0,Not in Discovery Universe,NA,NA,NA,Innovation Leader,NA,NA,0.205457585,FALSE,NA
MSBHF US,93672537707,0,35352,Capital Goods,-4.854964081,33.99895259,33.99895259,0.1,0,0.004608295,1,4,1,3,0.575,2,Developing,NA,NA,,FALSE,0,0,0,0.9,0.5175,1,AI Laggard,0,0,0,0,0,0,Tier 3: Watch List,43.5,51,49,Underperformer,NA,NA,0.205457585,FALSE,NA
MSCI US,41845960664,158.653,27.569,Financial Services,12.93864575,26.89001796,26.89001796,0.1,3.79136E-09,0.000275831,1,3,3,3,0.6,2,Developing,0.013157895,12/31/2024,Numerai GP LLC (Blackwell - Series A),TRUE,1,0.000275831,34544.28321,0.8,0.48,1,AI Laggard,0,0,0,0,0,0,Not in Discovery Universe,NA,NA,NA,Underperformer,NA,NA,0.205457585,FALSE,NA
MSFT US,3.67E+12,32488,0,Software & Services,14.93215623,23.51003645,23.51003645,0.1,8.85232E-09,0.625826236,2,2,3,4,0.65,3,Strong,0.013157895,12/31/2024,"Jones Road Capital Management LP (Blackwell-Series A); The Children's Investment Fund; BWCP, LP (Blackwell Series - A); Gladstone Capital Management LLP (Blackwell - Series E); Stony Point Capital LLC (Blackwell - Series E); Bridgewater Pure Alpha Fund II, Ltd.; Numerai GP LLC (Blackwell - Series A)",TRUE,7,0.625826236,115292261.4,1.4,0.91,4,AI Leader,0,0,0,0,0,0,Not in Discovery Universe,NA,NA,NA,Balanced Performer,High,Medium,0.107733627,FALSE,Balanced Performer
MU US,2.56E+11,3798,0,Semiconductors & Semiconductor,48.85110111,61.53025723,61.53025723,0.1,1.48359E-08,0.05457253,2,2,4,1,0.55,2,Developing,0.013157895,12/31/2024,Maso Capital Partners Limited (Blackwell - Series A); Parsifal Capital Management (Blackwell - Series A); Numerai GP LLC (Blackwell - Series A),TRUE,3,0.05457253,10415172,1.5,0.825,4,AI Leader,0,0,0,0,0,0,Not in Discovery Universe,NA,NA,NA,Balanced Performer,High,Medium,0.464156262,FALSE,Balanced Performer
NDAQ US,48974278288,0,121,Financial Services,19.35815148,22.91918287,22.91918287,0.1,0,0.053566795,1,3,3,4,0.65,3,Strong,0.013157895,12/31/2024,Stony Point Capital LLC (Blackwell - Series E); Numerai GP LLC (Blackwell - Series A),TRUE,2,0.053566795,5858187.656,0.8,0.52,1,AI Laggard,0,0,0,0,0,0,Not in Discovery Universe,NA,NA,NA,Underperformer,NA,NA,0.205457585,FALSE,NA
NEE US,1.77E+11,0,0,Utilities,-11.95489792,28.26981199,28.26981199,0.1,0,0.004608295,1,2,1,3,0.425,1,Emerging,0.013157895,12/31/2024,Jones Road Capital Management LP (Blackwell-Series A),TRUE,1,-0.003078874,-34951.0008,0.5,0.2125,1,AI Laggard,0,0,0,0,0,0,Not in Discovery Universe,NA,NA,NA,Underperformer,Low,Medium,0.488019325,FALSE,Underperformer
NET US,68040452390,421.374,0,Software & Services,28.75515232,49.48252148,49.48252148,0.1,6.19299E-09,0.021083318,1,2,4,1,0.475,1,Emerging,0.013157895,12/31/2024,"Bridgewater Pure Alpha Fund II, Ltd.; Numerai GP LLC (Blackwell - Series A); Maso Capital Partners Limited (Blackwell - Series A); Stony Point Capital LLC (Blackwell - Series E); Direct: Short Strategy 1a (Blackwell)",TRUE,5,0.021083318,3593002.547,1.4,0.665,3,AI Adopter,0,0,0,0,0,0,Not in Discovery Universe,NA,NA,NA,Underperformer,Low,Low,0.217631611,FALSE,Underperformer
NFLX US,4.71E+11,2925.295,0,Media & Entertainment,15.64991999,32.09921218,32.09921218,0.1,6.21082E-09,0.012712412,1,2,3,3,0.525,2,Developing,0.013157895,12/31/2024,"Stony Point Capital LLC (Blackwell - Series E); Bridgewater Pure Alpha Fund II, Ltd.; Numerai GP LLC (Blackwell - Series A)",TRUE,3,0.012712412,1403485.216,1.3,0.6825,3,AI Adopter,0,0,0,0,0,0,Not in Discovery Universe,NA,NA,NA,Underperformer,NA,NA,0.205457585,FALSE,NA
NIO US,14605736068,13037.304,0,Automobiles & Components,18.18410979,68.39011814,68.39011814,0.1,8.92615E-07,0.004608295,3,2,3,1,0.575,2,Developing,NA,NA,,FALSE,0,0,0,1.1,0.6325,2,AI Follower,0,0,0,0,0,0,Tier 3: Watch List,41.5,38,42,Underperformer,NA,NA,0.205457585,FALSE,NA
NJDCY US,15360287896,80599,0,Capital Goods,11.10508491,60.60369974,60.60369974,0.1,5.24723E-06,0.004608295,3,2,3,1,0.575,2,Developing,NA,NA,,FALSE,0,0,0,0.9,0.5175,1,AI Laggard,0,0,0,0,0,0,Tier 3: Watch List,41.5,50,48,Underperformer,NA,NA,0.205457585,FALSE,NA
NOW US,1.69E+11,2543,83,Software & Services,22.43897001,38.19968084,38.19968084,0.1,1.50473E-08,0.235604979,2,3,4,2,0.675,3,Strong,0.013157895,12/31/2024,"Numerai GP LLC (Blackwell - Series A); Praesidium (Separate Account); RGM Capital, LLC (Separate Account); The Visualize Group LP (Blackwell - Series A); BWCP, LP (Blackwell Series - A); Orso Partners, LP (Blackwell - Series A); Stony Point Capital LLC (Blackwell - Series E); Bridgewater Pure Alpha Fund II, Ltd.; Gladstone Capital Management LLP (Blackwell - Series E)",TRUE,9,0.235604979,37681803.89,1.4,0.945,4,AI Leader,0,0,0,0,0,0,Not in Discovery Universe,NA,NA,NA,AI Focused,NA,NA,0.205457585,FALSE,NA
NSRGY US,2.55E+11,1667,18379,"Food, Beverage & Tobacco",-1.747169286,23.64029822,23.64029822,0.1,6.53725E-09,0.004608295,1,4,1,4,0.625,3,Strong,NA,NA,,FALSE,0,0,0,1,0.625,2,AI Follower,0,0,0,0,0,0,Tier 3: Watch List,36,43,40,Underperformer,NA,NA,0.205457585,FALSE,NA
NTES US,86045314813,17524.812,0,Media & Entertainment,1.765835033,38.6258965,38.6258965,0.1,2.0367E-07,0.004608295,3,2,1,2,0.525,2,Developing,NA,NA,,FALSE,0,0,0,1.3,0.6825,3,AI Adopter,0,0,0,0,0,0,Tier 3: Watch List,50,30,43,Underperformer,NA,NA,0.205457585,FALSE,NA
NTRS US,23581044741,NA,0,Financial Services,31.02463583,28.18522318,28.18522318,0.1,0.03,0.004608295,4,2,4,3,0.8,4,Leader,0.013157895,12/31/2024,Numerai GP LLC (Blackwell - Series A),TRUE,1,-0.001112452,-139320.2962,0.8,0.64,2,AI Follower,0,0,0,0,0,0,Not in Discovery Universe,NA,NA,NA,Innovation Leader,NA,NA,0.205457585,FALSE,NA
NU US,74587391352,NA,0,Banks,43.44388375,46.35779693,46.35779693,0.1,0.03,0.286294303,4,2,4,2,0.75,4,Leader,0.013157895,12/31/2024,"Boldhaven Management LLP (Blackwell - Series E); Sylebra Capital Limited (Blackwell - Series A); Numerai GP LLC (Blackwell - Series A); Nantahala Capital Mangement, LLC (Blackwell - Series A); LGF3, L.P.; Ribbit Bullfrog II, LP; Ribbit Capital III, L.P.; Ribbit Capital VI, LP; Sequoia Capital Fund, LP; Sequoia Capital U.S. Venture Fund XIV, L.P.; The Founders Fund V, LP; Thrive Capital Partners V, LP; Tiger Global Private Investment Partners IX, L.P.",TRUE,13,0.286294303,15480179.62,1,0.75,3,AI Adopter,0,0,0,0,0,0,Not in Discovery Universe,NA,NA,NA,Innovation Leader,NA,NA,0.205457585,FALSE,NA
NVDA US,4.51E+12,12914,171,Semiconductors & Semiconductor,114.2034076,52.92787558,52.92787558,0.1,2.86341E-09,0.105607354,1,3,4,1,0.55,2,Developing,0.013157895,12/31/2024,"Gladstone Capital Management LLP (Blackwell - Series E); Orso Partners, LP (Blackwell - Series A); Stony Point Capital LLC (Blackwell - Series E); Bridgewater Pure Alpha Fund II, Ltd.; Numerai GP LLC (Blackwell - Series A)",TRUE,5,0.105607354,12282464.76,1.5,0.825,4,AI Leader,0,0,0,0,0,0,Not in Discovery Universe,NA,NA,NA,AI Pioneer,High,High,0.718558641,TRUE,AI Pioneer
NVO US,2.16E+11,48062,86836,"Pharmaceuticals, Biotechnology",25.03304472,48.6219128,48.6219128,0.1,2.22509E-07,0.004608295,3,4,4,1,0.775,4,Leader,NA,NA,,FALSE,0,0,0,1.2,0.93,4,AI Leader,0,0,0,0,0,0,Tier 1: Top 10 Opportunities,12.5,9.5,9.5,AI Pioneer,NA,NA,0.205457585,FALSE,NA
NVS US,2.71E+11,10022,0,"Pharmaceuticals, Biotechnology",10.84869267,20.62581648,20.62581648,0.1,3.69815E-08,0.004608295,2,2,3,4,0.65,3,Strong,0.013157895,12/31/2024,"Nantahala Capital Mangement, LLC (Blackwell - Series A); Paradigm BioCapital Advisors (Blackwell - Series A)",TRUE,2,-0.007184509,-1380168.007,1.2,0.78,3,AI Adopter,0,0,0,0,0,0,Not in Discovery Universe,NA,NA,NA,Balanced,NA,NA,0.205457585,FALSE,NA
OKTA US,14126706446,642,5,Software & Services,15.33362793,45.68734504,45.68734504,0.1,4.54458E-08,0.004608295,3,3,3,2,0.7,3,Strong,0.013157895,12/31/2024,"Direct: Systematic Short (Blackwell); Bridgewater Pure Alpha Fund II, Ltd.; Numerai GP LLC (Blackwell - Series A)",TRUE,3,-0.009002053,-176322.7256,1.4,0.98,4,AI Leader,0,0,0,0,0,0,Not in Discovery Universe,NA,NA,NA,AI Focused,NA,NA,0.205457585,FALSE,NA
OR US,6251228213,5.632,0,Materials,4.327395376,33.78527429,33.78527429,0.1,9.00943E-10,0.241940741,1,2,2,3,0.475,1,Emerging,0.013157895,12/31/2024,"Bridgewater Pure Alpha Fund II, Ltd.; Numerai GP LLC (Blackwell - Series A); Nantahala Capital Mangement, LLC (Blackwell - Series A); Praesidium (Separate Account); RGM Capital, LLC (Separate Account); Sylebra Capital Limited (Blackwell - Series A); Qiming Venture Partners VIII, LP; Qiming Venture Partners VIII-HC, LP; Direct: Opportunistic Highly Levered (Blackwell); Saturn V Capital Management (Blackwell - Series E)",TRUE,10,0.241940741,31017541.23,0.8,0.38,1,AI Laggard,0,0,0,0,0,0,Not in Discovery Universe,NA,NA,NA,Underperformer,NA,NA,0.205457585,FALSE,NA
ORCL US,6.32E+11,9860,0,Software & Services,8.379751138,50.85704392,50.85704392,0.1,1.56013E-08,0.02687871,2,2,2,1,0.45,1,Emerging,0.013157895,12/31/2024,"Jones Road Capital Management LP (Blackwell-Series A); Permian Investment Partners (Blackwell - Series E); Bridgewater Pure Alpha Fund II, Ltd.; Numerai GP LLC (Blackwell - Series A)",TRUE,4,0.02687871,3566957.415,1.4,0.63,2,AI Follower,0,0,0,0,0,0,Not in Discovery Universe,NA,NA,NA,Underperformer,Medium,Low,0.527316958,TRUE,Underperformer
PAGS US,2966602166,0,0,Financial Services,17.94055091,49.73841757,49.73841757,0.1,0,0.004608295,1,2,3,1,0.425,1,Emerging,NA,NA,,FALSE,0,0,0,0.8,0.34,1,AI Laggard,0,0,0,0,0,0,Tier 4: Monitor,62,63,63,Underperformer,NA,NA,0.205457585,FALSE,NA
PAHCF US,NA,NA,0,Unknown,NA,NA,0.3,0.1,0.03,0.004608295,4,2,NA,4,NA,NA,Emerging,NA,NA,,FALSE,0,0,0,1,NA,NA,AI Laggard,0,0,0,0,0,0,Tier 4: Monitor,71,71,71,Underperformer,NA,NA,0.205457585,FALSE,NA
PANW US,1.35E+11,1984.1,15.8,Software & Services,14.87387107,34.74127225,34.74127225,0.1,1.4697E-08,0.060659108,2,3,3,2,0.625,3,Strong,0.013157895,12/31/2024,"Direct: Slow Growth High Valuation Short (Blackwell); Stony Point Capital LLC (Blackwell - Series E); Bridgewater Pure Alpha Fund II, Ltd.",TRUE,3,0.060659108,7033596.989,1.4,0.875,4,AI Leader,0,0,0,0,0,0,Not in Discovery Universe,NA,NA,NA,AI Focused,NA,NA,0.205457585,FALSE,NA
PCOR US,11179837633,312.987,0,Software & Services,21.23114494,46.69201851,46.69201851,0.1,2.79957E-08,0.12806387,2,2,4,2,0.6,2,Developing,0.013157895,12/31/2024,"Praesidium (Separate Account); RGM Capital, LLC (Separate Account); Sylebra Capital Limited (Blackwell - Series A)",TRUE,3,0.12806387,23681040.99,1.4,0.84,4,AI Leader,0,0,0,0,0,0,Not in Discovery Universe,NA,NA,NA,Balanced Performer,High,Medium,0.101288811,FALSE,Balanced Performer
PDD US,1.69E+11,12659.361,0,Consumer Discretionary Distrib,59.0362467,54.50338443,54.50338443,0.1,7.49075E-08,0.434515894,3,2,4,1,0.625,3,Strong,0.013157895,12/31/2024,"Direct: Slow Growth High Valuation Short (Blackwell); Numerai GP LLC (Blackwell - Series A); Sequoia Capital Global Growth Fund II, L.P.; Sequoia Capital Global Growth Fund III - China Annex Fund, LP; Sequoia Capital Global Growth Fund III - Endurance Partners, LP; Sequoia Capital Global Growth Fund III - U.S./India Annex Fund, LP",TRUE,6,0.434515894,17178453.8,1,0.625,2,AI Follower,0,0,0,0,0,0,Not in Discovery Universe,NA,NA,NA,Underperformer,NA,NA,0.205457585,FALSE,NA
PFE US,1.44E+11,10822,35848,"Pharmaceuticals, Biotechnology",6.839171172,25.5803289,25.5803289,0.1,7.51528E-08,0.0013515,3,4,2,3,0.775,4,Leader,0.013157895,12/31/2024,"Maso Capital Partners Limited (Blackwell - Series A); Paradigm BioCapital Advisors (Blackwell - Series A); Bridgewater Pure Alpha Fund II, Ltd.; Numerai GP LLC (Blackwell - Series A)",TRUE,4,0.0013515,-1324119.309,1.2,0.93,4,AI Leader,0,0,0,0,0,0,Not in Discovery Universe,NA,NA,NA,AI Pioneer,NA,NA,0.205457585,FALSE,NA
PG US,3.42E+11,2100,21225,Household & Personal Products,0.291531313,18.40184849,18.40184849,0.1,6.14035E-09,0.057506246,1,4,1,4,0.625,3,Strong,0.013157895,12/31/2024,"Direct: Systematic Short (Blackwell); Gladstone Capital Management LLP (Blackwell - Series E); Permian Investment Partners (Blackwell - Series E); Numerai GP LLC (Blackwell - Series A); BWCP, LP (Blackwell Series - A); Direct: Slow Growth High Valuation Short (Blackwell); Stony Point Capital LLC (Blackwell - Series E); Nantahala Capital Mangement, LLC (Blackwell - Series A); RA Capital Management, LP (Blackwell - Series A); Bridgewater Pure Alpha Fund II, Ltd.; Orso Partners, LP (Blackwell - Series A)",TRUE,11,0.057506246,25048892.5,1,0.625,2,AI Follower,0,0,0,0,0,0,Not in Discovery Universe,NA,NA,NA,Balanced Performer,Medium,High,0.499380433,TRUE,Balanced Performer
PYPL US,56251395414,2979,0,Financial Services,6.805280306,37.58796936,37.58796936,0.1,5.29587E-08,0.008876413,3,2,2,2,0.575,2,Developing,0.013157895,12/31/2024,"Maso Capital Partners Limited (Blackwell - Series A); Nantahala Capital Mangement, LLC (Blackwell - Series A); Bridgewater Pure Alpha Fund II, Ltd.",TRUE,3,0.008876413,183506.2139,0.8,0.46,1,AI Laggard,0,0,0,0,0,0,Not in Discovery Universe,NA,NA,NA,Underperformer,NA,NA,0.205457585,FALSE,NA
QCOM US,1.77E+11,9042,0,Semiconductors & Semiconductor,13.65946307,41.59753302,41.59753302,0.1,5.10847E-08,0.004608295,3,2,3,2,0.625,3,Strong,0.013157895,12/31/2024,"Direct: Slow Growth High Valuation Short (Blackwell); Bridgewater Pure Alpha Fund II, Ltd.; Numerai GP LLC (Blackwell - Series A)",TRUE,3,-0.003443416,54389.01946,1.5,0.9375,4,AI Leader,0,0,0,0,0,0,Not in Discovery Universe,NA,NA,NA,AI Focused,NA,NA,0.205457585,FALSE,NA
RCRTF US,NA,NA,0,Unknown,NA,NA,0.3,0.1,0.03,0.004608295,4,2,NA,4,NA,NA,Emerging,NA,NA,,FALSE,0,0,0,1,NA,NA,AI Laggard,0,0,0,0,0,0,Tier 4: Monitor,72,72,72,Underperformer,NA,NA,0.205457585,FALSE,NA
RELIANCE IN,2.06E+13,NA,90870,Energy,7.061540579,20.49416,20.49416,0.1,0.03,0.004608295,4,4,2,4,0.9,4,Leader,NA,NA,,FALSE,0,0,0,0.7,0.63,2,AI Follower,0,0,0,0,0,0,Tier 2: Strong Candidates,2,41,17,Innovation Leader,NA,NA,0.205457585,FALSE,NA
RHHBY US,3.18E+11,15304,0,"Pharmaceuticals, Biotechnology",3.029838545,26.48328069,26.48328069,0.1,4.81258E-08,0.004608295,3,2,1,3,0.575,2,Developing,NA,NA,,FALSE,0,0,0,1.2,0.69,3,AI Adopter,0,0,0,0,0,0,Tier 3: Watch List,43.5,28,38,Underperformer,NA,NA,0.205457585,FALSE,NA
RKUNY US,12656846872,17136,0,Consumer Discretionary Distrib,10.03797105,44.71845242,44.71845242,0.1,1.35389E-06,0.004608295,3,2,3,2,0.625,3,Strong,NA,NA,,FALSE,0,0,0,1,0.625,2,AI Follower,0,0,0,0,0,0,Tier 3: Watch List,36,43,40,Underperformer,NA,NA,0.205457585,FALSE,NA
RMSG US,17877710.76,NA,0,Real Estate Management & Devel,NA,265.4345452,265.4345452,0.1,0.03,0.004608295,4,2,NA,1,NA,NA,Emerging,NA,NA,,FALSE,0,0,0,1,NA,NA,AI Laggard,0,0,0,0,0,0,Tier 4: Monitor,73,73,73,Underperformer,NA,NA,0.205457585,FALSE,NA
RTX US,2.33E+11,2934,8463,Capital Goods,17.1474173,25.77753722,25.77753722,0.1,1.25923E-08,0.035709668,2,4,3,3,0.75,4,Leader,0.013157895,12/31/2024,"Nantahala Capital Mangement, LLC (Blackwell - Series A); Direct: Slow Growth High Valuation Short (Blackwell); Gladstone Capital Management LLP (Blackwell - Series E); Numerai GP LLC (Blackwell - Series A); Bridgewater Pure Alpha Fund II, Ltd.",TRUE,5,0.035709668,14305018.37,0.9,0.675,3,AI Adopter,0,0,0,0,0,0,Not in Discovery Universe,NA,NA,NA,Innovation Leader,NA,NA,0.205457585,FALSE,NA
SAIL US,10470309843,169.73,0,Software & Services,23.16259084,57.76223955,57.76223955,0.1,1.62106E-08,0.004608295,2,2,4,1,0.55,2,Developing,NA,NA,,FALSE,0,0,0,1.4,0.77,3,AI Adopter,0,0,0,0,0,0,Tier 3: Watch List,46,20.5,33,Underperformer,NA,NA,0.205457585,FALSE,NA
SAP GR,2.55E+11,6514,0,Software & Services,9.510381953,27.62807,27.62807,0.1,2.55451E-08,0.02,2,2,3,3,0.6,2,Developing,0.013157895,12/31/2024,The Children's Investment Fund,TRUE,1,0.02,4436893.426,1.4,0.84,4,AI Leader,0,0,0,0,0,0,Not in Discovery Universe,NA,NA,NA,Underperformer,Medium,Low,0.001799709,FALSE,Underperformer
SAP US,2.94E+11,6514,0,Software & Services,9.510381953,27.54041916,27.54041916,0.1,2.21565E-08,0.010138145,2,2,3,3,0.6,2,Developing,0.013157895,12/31/2024,Stony Point Capital LLC (Blackwell - Series E),TRUE,1,0.010138145,1097504.995,1.4,0.84,4,AI Leader,0,0,0,0,0,0,Not in Discovery Universe,NA,NA,NA,AI Focused,NA,NA,0.205457585,FALSE,NA
SE US,86705404272,1206.05,0.808,Consumer Discretionary Distrib,28.75407622,45.86731429,45.86731429,0.1,1.39097E-08,0.162600273,2,3,4,2,0.675,3,Strong,0.013157895,12/31/2024,"BWCP, LP (Blackwell Series - A); Numerai GP LLC (Blackwell - Series A); Bridgewater Pure Alpha Fund II, Ltd.; Nantahala Capital Mangement, LLC (Blackwell - Series A); Alta Fundamental Advisers LLC (Blackwell - Series A); Altos Korea Opportunity Fund 3, L.P.; Ribbit Bullfrog II, LP; Ribbit Capital V, LP",TRUE,8,0.162600273,2671519.685,1,0.675,3,AI Adopter,0,0,0,0,0,0,Not in Discovery Universe,NA,NA,NA,Balanced,NA,NA,0.205457585,FALSE,NA
SFTBF US,1.71E+11,507590,549725,Telecommunication Services,7.211603641,71.36612619,71.36612619,0.1,2.96836E-06,0.004608295,3,4,2,1,0.675,3,Strong,NA,NA,,FALSE,0,0,0,1,0.675,3,AI Adopter,0,0,0,0,0,0,Tier 3: Watch List,28,34.5,30.5,Balanced,NA,NA,0.205457585,FALSE,NA
SHEL US,2.12E+11,1099,0,Energy,-10.20403007,21.82761616,21.82761616,0.1,5.18396E-09,0.000578702,1,2,1,4,0.475,1,Emerging,0.013157895,12/31/2024,"Bridgewater Pure Alpha Fund II, Ltd.",TRUE,1,0.000578702,75977.47564,0.7,0.3325,1,AI Laggard,0,0,0,0,0,0,Not in Discovery Universe,NA,NA,NA,Underperformer,NA,NA,0.205457585,FALSE,NA
SHOP US,1.82E+11,1367,0,Software & Services,25.77903683,58.56044947,58.56044947,0.1,7.51099E-09,0.047858503,1,2,4,1,0.475,1,Emerging,0.013157895,12/31/2024,"BWCP, LP (Blackwell Series - A); Stony Point Capital LLC (Blackwell - Series E); Bridgewater Pure Alpha Fund II, Ltd.",TRUE,3,0.047858503,4850307.257,1.4,0.665,3,AI Adopter,0,0,0,0,0,0,Not in Discovery Universe,NA,NA,NA,Underperformer,NA,NA,0.205457585,FALSE,NA
SIEGY US,2.02E+11,6559,7666,Capital Goods,3.929935467,31.54232394,31.54232394,0.1,3.24703E-08,0.004608295,2,4,2,3,0.7,3,Strong,NA,NA,,FALSE,0,0,0,0.9,0.63,2,AI Follower,0,0,0,0,0,0,Tier 3: Watch List,21,39.5,32,Underperformer,NA,NA,0.205457585,FALSE,NA
SMCAY US,21945511752,33351,0,Capital Goods,1.961066996,36.3530704,36.3530704,0.1,1.51972E-06,0.004608295,3,2,1,2,0.525,2,Developing,NA,NA,,FALSE,0,0,0,0.9,0.4725,1,AI Laggard,0,0,0,0,0,0,Tier 4: Monitor,50,56.5,54.5,Underperformer,NA,NA,0.205457585,FALSE,NA
SMCI US,20667140624,636.55,0,Technology Hardware & Equipmen,46.58532304,104.2593936,104.2593936,0.1,3.08001E-08,0.00023191,2,2,4,1,0.55,2,Developing,0.013157895,12/31/2024,"Bridgewater Pure Alpha Fund II, Ltd.",TRUE,1,0.00023191,30447.3757,1.2,0.66,2,AI Follower,0,0,0,0,0,0,Not in Discovery Universe,NA,NA,NA,Underperformer,Low,Low,0.548939718,TRUE,Underperformer
SMFG US,1.09E+11,NA,0,Banks,10.45881343,34.2492354,34.2492354,0.1,0.03,0.004608295,4,2,3,2,0.7,4,Leader,NA,NA,,FALSE,0,0,0,1,0.7,3,AI Adopter,0,0,0,0,0,0,Tier 2: Strong Candidates,21,27,24,Innovation Leader,NA,NA,0.205457585,FALSE,NA
SNOW US,85699460000,1783.379,1.695,Software & Services,29.21468782,52.78312323,52.78312323,0.1,2.08097E-08,0.034360349,2,3,4,1,0.625,3,Strong,0.013157895,12/31/2024,"BWCP, LP (Blackwell Series - A); Gladstone Capital Management LLP (Blackwell - Series E); Stony Point Capital LLC (Blackwell - Series E); Bridgewater Pure Alpha Fund II, Ltd.; Numerai GP LLC (Blackwell - Series A)",TRUE,5,0.034360349,6916477.974,1.4,0.875,4,AI Leader,0,0,0,0,0,0,Not in Discovery Universe,NA,NA,NA,AI Focused,NA,NA,0.205457585,FALSE,NA
SNPS US,71505809158,2082.36,0.008,Software & Services,15.22038114,57.52707476,57.52707476,0.1,2.91216E-08,0.004608295,2,3,3,1,0.575,2,Developing,0.013157895,12/31/2024,"Direct: Systematic Short (Blackwell); Bridgewater Pure Alpha Fund II, Ltd.; Numerai GP LLC (Blackwell - Series A)",TRUE,3,-0.010630912,-421243.1926,1.4,0.805,4,AI Leader,0,0,0,0,0,0,Not in Discovery Universe,NA,NA,NA,Underperformer,Medium,Low,0.057767454,FALSE,Underperformer
SNY US,1.24E+11,7394,13841,"Pharmaceuticals, Biotechnology",6.410687683,26.95967512,26.95967512,0.1,5.9629E-08,0.004608295,3,4,2,3,0.775,4,Leader,0.013157895,12/31/2024,Sylebra Capital Limited (Blackwell - Series A),TRUE,1,-0.002920086,-328252.805,1.2,0.93,4,AI Leader,0,0,0,0,0,0,Not in Discovery Universe,NA,NA,NA,AI Pioneer,NA,NA,0.205457585,FALSE,NA
SNYFX US,NA,NA,0,Unknown,NA,NA,0.3,0.1,0.03,0.004608295,4,2,NA,4,NA,NA,Emerging,NA,NA,,FALSE,0,0,0,1,NA,NA,AI Laggard,0,0,0,0,0,0,Tier 4: Monitor,74,74,74,Underperformer,NA,NA,0.205457585,FALSE,NA
SOFI US,31727309088,NA,0,Financial Services,29.32846768,61.0186122,61.0186122,0.1,0.03,0.004608295,4,2,4,1,0.7,4,Leader,0.013157895,12/31/2024,"Nantahala Capital Mangement, LLC (Blackwell - Series A); Orso Partners, LP (Blackwell - Series A); Philosophy Capital Management, LLC (Blackwell - Series A); Numerai GP LLC (Blackwell - Series A)",TRUE,4,-0.0435025,-4672472.529,0.8,0.56,2,AI Follower,0,0,0,0,0,0,Not in Discovery Universe,NA,NA,NA,Innovation Leader,NA,NA,0.205457585,FALSE,NA
SONY US,1.74E+11,734578,66100,Consumer Durables & Apparel,-0.489249175,31.11551262,31.11551262,0.1,4.22171E-06,0.004608295,3,4,1,3,0.725,4,Leader,NA,NA,,FALSE,0,0,0,1,0.725,3,AI Adopter,0,0,0,0,0,0,Tier 2: Strong Candidates,17,25,22,Innovation Leader,NA,NA,0.205457585,FALSE,NA
SPGI US,1.52E+11,NA,0,Financial Services,13.69128591,22.12486287,22.12486287,0.1,0.03,0.067828666,4,3,3,4,0.875,4,Leader,0.013157895,12/31/2024,"The Children's Investment Fund; Bridgewater Pure Alpha Fund II, Ltd.; Numerai GP LLC (Blackwell - Series A)",TRUE,3,0.067828666,15065154.09,0.8,0.7,3,AI Adopter,0,0,0,0,0,0,Not in Discovery Universe,NA,NA,NA,Innovation Leader,NA,NA,0.205457585,FALSE,NA
SPOT US,1.32E+11,1486,0,Media & Entertainment,18.31358043,41.80261449,41.80261449,0.1,1.12576E-08,0.062492205,2,3,3,2,0.625,3,Strong,0.013157895,12/31/2024,"The Visualize Group LP (Blackwell - Series A); BWCP, LP (Blackwell Series - A); Bridgewater Pure Alpha Fund II, Ltd.; Numerai GP LLC (Blackwell - Series A)",TRUE,4,0.062492205,5235129.84,1.3,0.8125,4,AI Leader,0,0,0,0,0,0,Not in Discovery Universe,NA,NA,NA,Balanced Performer,Medium,Medium,0.350918057,FALSE,Balanced Performer
SQM US,16965202801,0,156.58,Materials,-39.35363824,47.11251599,47.11251599,0.1,0,0.004608295,1,3,1,1,0.4,1,Emerging,NA,NA,,FALSE,0,0,0,0.8,0.32,1,AI Laggard,0,0,0,0,0,0,Tier 4: Monitor,64,65,65,Underperformer,NA,NA,0.205457585,FALSE,NA
SSDOY US,6100800000,27200,71849,Household & Personal Products,1.803423916,43.32912782,43.32912782,0.1,4.45843E-06,0.004608295,3,4,1,2,0.675,3,Strong,NA,NA,,FALSE,0,0,0,1,0.675,3,AI Adopter,0,0,0,0,0,0,Tier 3: Watch List,28,34.5,30.5,Balanced,NA,NA,0.205457585,FALSE,NA
STNE US,4351462008,NA,514.967,Financial Services,9.974705108,47.95781944,47.95781944,0.1,0.03,0.000017,4,4,3,1,0.8,4,Leader,0.013157895,12/31/2024,"Bridgewater Pure Alpha Fund II, Ltd.",TRUE,1,0.000017,2233.064807,0.8,0.64,2,AI Follower,0,0,0,0,0,0,Not in Discovery Universe,NA,NA,NA,Innovation Leader,NA,NA,0.205457585,FALSE,NA
STT US,31671209187,NA,0,Financial Services,20.08058369,27.40448209,27.40448209,0.1,0.03,0.004608295,4,3,4,3,0.875,4,Leader,0.013157895,12/31/2024,"Bridgewater Pure Alpha Fund II, Ltd.; Numerai GP LLC (Blackwell - Series A)",TRUE,2,-0.011058676,-1382357.955,0.8,0.7,3,AI Adopter,0,0,0,0,0,0,Not in Discovery Universe,NA,NA,NA,Innovation Leader,NA,NA,0.205457585,FALSE,NA
SUMCF US,2818909869,8532,0,Semiconductors & Semiconductor,-6.884052017,82.22767724,82.22767724,0.1,3.0267E-06,0.004608295,3,3,1,1,0.55,2,Developing,NA,NA,,FALSE,0,0,0,1.5,0.825,4,AI Leader,0,0,0,0,0,0,Tier 3: Watch List,48,14.5,25.5,AI Focused,NA,NA,0.205457585,FALSE,NA
SVNDY US,33859226037,0,0,Consumer Staples Distribution,4.993193218,39.44763646,39.44763646,0.1,0,0.004608295,1,3,2,2,0.5,1,Emerging,NA,NA,,FALSE,0,0,0,1,0.5,1,AI Laggard,0,0,0,0,0,0,Tier 4: Monitor,53,53,53,Underperformer,NA,NA,0.205457585,FALSE,NA
T US,1.81E+11,955,5255,Telecommunication Services,-0.075146208,22.78909737,22.78909737,0.1,5.27624E-09,1.085381275,1,4,1,4,0.625,3,Strong,0.013157895,12/31/2024,"Goehring & Rozencwajg Global Natural Resources Fund (Separate Account); Numerai GP LLC (Blackwell - Series A); Direct: India Consolidated (Separate Account); Bridgewater Pure Alpha Fund II, Ltd.; Nantahala Capital Mangement, LLC (Blackwell - Series A); Direct: Negative CF NI Short (Blackwell - Series A); Alta Fundamental Advisers LLC (Blackwell - Series A); Direct: Opportunistic Highly Levered (Blackwell); Gladstone Capital Management LLP (Blackwell - Series E); Praesidium (Separate Account); Direct: Short Strategy 1a (Blackwell); Direct: Slow Growth High Valuation Short (Blackwell); Stony Point Capital LLC (Blackwell - Series E); BWCP, LP (Blackwell Series - A); Tree Line Asia Fund; Nordflint Capital Partners Fondsmaeglerselskab A/S (Blackwell-Series A); Jones Road Capital Management LP (Blackwell-Series A); Silverback Asset Management (Blackwell - Series B); Silverback Convertible Fund Limited; Parsifal Capital Management (Blackwell - Series A); Paradigm BioCapital Advisors (Blackwell - Series A); Direct: Systematic Short (Blackwell); Discerene Group LP (Blackwell - Series A); Maso Capital Partners Limited (Blackwell - Series A); Philosophy Capital Management, LLC (Blackwell - Series A); Solas Capital Management LLC (Blackwell - Series A); Orso Partners, LP (Blackwell - Series A); Sylebra Capital Limited (Blackwell - Series A); Saturn V Capital Management (Blackwell - Series E); Permian Investment Partners (Blackwell - Series E); Rush Island Management LP (fka Northwood Liquid) (Blackwell - Series E); RGM Capital, LLC (Separate Account); General Catalyst Group VIII Supplemental, LP; General Catalyst Group VIII, L.P.; General Catalyst Group X - Endurance, LP; Tiger Global Private Investment Partners XI, LP; Coliseum Capital Management, LLC (Blackwell - Series A); The Children's Investment Fund; The Visualize Group LP (Blackwell - Series A); 325 Capital LLC (Separate Account); TZP Capital Partners III, L.P.",TRUE,41,1.085381275,167560563,1,0.625,2,AI Follower,0,0,0,0,0,0,Not in Discovery Universe,NA,NA,NA,Underperformer,NA,NA,0.205457585,FALSE,NA
TAK US,45152177259,730227,0,"Pharmaceuticals, Biotechnology",7.453253723,20.20859381,20.20859381,0.1,1.61726E-05,0.004608295,4,3,2,4,0.825,4,Leader,NA,NA,,FALSE,0,0,0,1.2,0.99,4,AI Leader,0,0,0,0,0,0,Tier 1: Top 10 Opportunities,4,5.5,5.5,AI Pioneer,NA,NA,0.205457585,FALSE,NA
TCEHY US,7.33E+11,70686,7081,Media & Entertainment,8.413914271,35.10668345,35.10668345,0.1,9.64338E-08,0.004608295,3,4,2,2,0.725,4,Leader,NA,NA,,FALSE,0,0,0,1.3,0.9425,4,AI Leader,0,0,0,0,0,0,Tier 2: Strong Candidates,18.5,8,11,AI Pioneer,NA,NA,0.205457585,FALSE,NA
TCOM US,47484289335,13139,11972,Consumer Services,19.73489104,45.06367998,45.06367998,0.1,2.76702E-07,0.004608295,3,4,4,2,0.825,4,Leader,NA,NA,,FALSE,0,0,0,1,0.825,4,AI Leader,0,0,0,0,0,0,Tier 2: Strong Candidates,7,16,13,AI Pioneer,NA,NA,0.205457585,FALSE,NA
TEAM US,38879926951,2669.312,33.591,Software & Services,19.65540335,52.3846272,52.3846272,0.1,6.86553E-08,0.000232013,3,3,4,1,0.7,4,Leader,0.013157895,12/31/2024,"Gladstone Capital Management LLP (Blackwell - Series E); Bridgewater Pure Alpha Fund II, Ltd.; Numerai GP LLC (Blackwell - Series A)",TRUE,3,0.000232013,63621.89287,1.4,0.98,4,AI Leader,0,0,0,0,0,0,Not in Discovery Universe,NA,NA,NA,AI Pioneer,NA,NA,0.205457585,FALSE,NA
TKPHF US,44698746304,730227,0,"Pharmaceuticals, Biotechnology",7.453253723,NA,0.3,0.1,1.63366E-05,0.004608295,4,3,2,4,0.825,4,Leader,NA,NA,,FALSE,0,0,0,1.2,0.99,4,AI Leader,0,0,0,0,0,0,Tier 1: Top 10 Opportunities,4,5.5,5.5,AI Pioneer,NA,NA,0.205457585,FALSE,NA
TM US,3.1E+11,1326496,0,Automobiles & Components,6.522580777,30.60848909,30.60848909,0.1,4.27902E-06,0.004608295,3,3,2,3,0.7,4,Leader,0.013157895,12/31/2024,"Numerai GP LLC (Blackwell - Series A); Silverback Asset Management (Blackwell - Series B); Silverback Convertible Fund Limited; Nantahala Capital Mangement, LLC (Blackwell - Series A); Bridgewater Pure Alpha Fund II, Ltd.; Stony Point Capital LLC (Blackwell - Series E); Direct: Negative CF NI Short (Blackwell - Series A); Maso Capital Partners Limited (Blackwell - Series A)",TRUE,8,-0.048211519,-2776768.304,1.1,0.77,3,AI Adopter,0,0,0,0,0,0,Not in Discovery Universe,NA,NA,NA,Innovation Leader,NA,NA,0.205457585,FALSE,NA
TME US,28902558045,0,1929,Media & Entertainment,2.338570193,51.72351729,51.72351729,0.1,0,0.004608295,1,4,1,1,0.475,1,Emerging,0.013157895,12/31/2024,"Sylebra Capital Limited (Blackwell - Series A); Numerai GP LLC (Blackwell - Series A); Tiger Global Private Investment Partners X, L.P.",TRUE,3,-0.008905715,-993981.877,1.3,0.6175,2,AI Follower,0,0,0,0,0,0,Not in Discovery Universe,NA,NA,NA,Underperformer,NA,NA,0.205457585,FALSE,NA
TMO US,2.15E+11,1390,1762,"Pharmaceuticals, Biotechnology",0.051333504,29.64071164,29.64071164,0.1,6.46512E-09,0.004608295,1,4,1,3,0.575,2,Developing,0.013157895,12/31/2024,Direct: Systematic Short (Blackwell); Numerai GP LLC (Blackwell - Series A),TRUE,2,-0.015786873,-942347.8867,1.2,0.69,3,AI Adopter,0,0,0,0,0,0,Not in Discovery Universe,NA,NA,NA,Underperformer,NA,NA,0.205457585,FALSE,NA
TOST US,19533360000,351,0,Financial Services,28.33117723,47.21529984,47.21529984,0.1,1.79693E-08,0.004608295,2,3,4,1,0.625,3,Strong,0.013157895,12/31/2024,"Gladstone Capital Management LLP (Blackwell - Series E); Bridgewater Pure Alpha Fund II, Ltd.; Numerai GP LLC (Blackwell - Series A)",TRUE,3,-0.010792742,-2389228.125,0.8,0.5,1,AI Laggard,0,0,0,0,0,0,Not in Discovery Universe,NA,NA,NA,Underperformer,NA,NA,0.205457585,FALSE,NA
TSLA US,1.34E+12,4540,0,Automobiles & Components,0.947578353,68.06042427,68.06042427,0.1,3.38806E-09,0.024913734,1,3,1,1,0.4,1,Emerging,0.013157895,12/31/2024,"Gladstone Capital Management LLP (Blackwell - Series E); Stony Point Capital LLC (Blackwell - Series E); Sylebra Capital Limited (Blackwell - Series A); Bridgewater Pure Alpha Fund II, Ltd.; Numerai GP LLC (Blackwell - Series A)",TRUE,5,0.024913734,2275400.837,1.1,0.44,1,AI Laggard,0,0,0,0,0,0,Not in Discovery Universe,NA,NA,NA,Balanced Performer,Medium,Medium,0.094637414,FALSE,Balanced Performer
TSM US,1.45E+12,204181.823,7033.297,Semiconductors & Semiconductor,33.88813028,43.22701269,43.22701269,0.1,1.40815E-07,0.004608295,3,4,4,2,0.825,4,Leader,NA,NA,,FALSE,0,0,0,1.5,1.2375,4,AI Leader,0,0,0,0,0,0,Tier 1: Top 10 Opportunities,7,2,2,AI Pioneer,NA,NA,0.205457585,FALSE,NA
TTDKY US,30324214206,253586,9357,Technology Hardware & Equipmen,4.797335965,45.41150736,45.41150736,0.1,8.36249E-06,0.004608295,4,4,2,2,0.8,4,Leader,NA,NA,,FALSE,0,0,0,1.2,0.96,4,AI Leader,0,0,0,0,0,0,Tier 1: Top 10 Opportunities,10,7,7,AI Pioneer,NA,NA,0.205457585,FALSE,NA
TTE US,1.41E+11,805,0,Energy,-10.65792779,22.62803023,22.62803023,0.1,5.70922E-09,0.004608295,1,3,1,4,0.55,2,Developing,NA,NA,,FALSE,0,0,0,0.7,0.385,1,AI Laggard,0,0,0,0,0,0,Tier 4: Monitor,46,62,58,Underperformer,NA,NA,0.205457585,FALSE,NA
TW US,23822365541,0,154.3,Financial Services,28.97358355,26.83411689,26.83411689,0.1,0,0.046034041,1,3,4,3,0.65,3,Strong,0.013157895,12/31/2024,"Sylebra Capital Limited (Blackwell - Series A); Direct: Slow Growth High Valuation Short (Blackwell); Bridgewater Pure Alpha Fund II, Ltd.; Numerai GP LLC (Blackwell - Series A); Nantahala Capital Mangement, LLC (Blackwell - Series A); Praesidium (Separate Account); Permian Investment Partners (Blackwell - Series E)",TRUE,7,0.046034041,8455955.884,0.8,0.52,1,AI Laggard,0,0,0,0,0,0,Not in Discovery Universe,NA,NA,NA,Underperformer,NA,NA,0.205457585,FALSE,NA
TWLO US,18339086465,1008.747,8.746,Software & Services,7.320535058,54.29386273,54.29386273,0.1,5.50053E-08,0.004608295,3,3,2,1,0.6,2,Developing,0.013157895,12/31/2024,"Direct: Systematic Short (Blackwell); Bridgewater Pure Alpha Fund II, Ltd.; Numerai GP LLC (Blackwell - Series A)",TRUE,3,-0.010132814,-302650.9359,1.4,0.84,4,AI Leader,0,0,0,0,0,0,Not in Discovery Universe,NA,NA,NA,AI Focused,NA,NA,0.205457585,FALSE,NA
TXN US,1.43E+11,1959,0,Semiconductors & Semiconductor,-10.71978994,38.13396066,38.13396066,0.1,1.36993E-08,0.000555307,2,3,1,2,0.525,2,Developing,0.013157895,12/31/2024,Numerai GP LLC (Blackwell - Series A),TRUE,1,0.000555307,69025.29206,1.5,0.7875,3,AI Adopter,0,0,0,0,0,0,Not in Discovery Universe,NA,NA,NA,Underperformer,NA,NA,0.205457585,FALSE,NA
UL US,1.45E+11,987,0,Household & Personal Products,1.94114489,18.3943283,18.3943283,0.1,6.8069E-09,0.031646487,1,3,1,4,0.55,2,Developing,0.013157895,12/31/2024,"Numerai GP LLC (Blackwell - Series A); Bridgewater Pure Alpha Fund II, Ltd.; Paradigm BioCapital Advisors (Blackwell - Series A); Saturn V Capital Management (Blackwell - Series E)",TRUE,4,0.031646487,5440979.49,1,0.55,2,AI Follower,0,0,0,0,0,0,Not in Discovery Universe,NA,NA,NA,Underperformer,NA,NA,0.205457585,FALSE,NA
UNH US,2.79E+11,0,12087,Health Care Equipment & Servic,7.71106124,45.57817395,45.57817395,0.1,0,0.036402702,1,4,2,2,0.575,2,Developing,0.013157895,12/31/2024,Parsifal Capital Management (Blackwell - Series A); Numerai GP LLC (Blackwell - Series A),TRUE,2,0.036402702,7689179.197,1,0.575,2,AI Follower,0,0,0,0,0,0,Not in Discovery Universe,NA,NA,NA,Underperformer,NA,NA,0.205457585,FALSE,NA
UPS US,78526571043,0,349,Transportation,0.123133754,32.49011674,32.49011674,0.1,0,0.004608295,1,4,1,3,0.575,2,Developing,0.013157895,12/31/2024,Direct: Slow Growth High Valuation Short (Blackwell); Gladstone Capital Management LLP (Blackwell - Series E); Numerai GP LLC (Blackwell - Series A),TRUE,3,-0.023643408,-3974700.845,1,0.575,2,AI Follower,0,0,0,0,0,0,Not in Discovery Universe,NA,NA,NA,Underperformer,NA,NA,0.205457585,FALSE,NA
V US,6.32E+11,NA,4084,Financial Services,11.33997662,21.91587397,21.91587397,0.1,0.03,0.178350555,4,4,3,4,0.95,4,Leader,0.013157895,12/31/2024,"Paradigm BioCapital Advisors (Blackwell - Series A); Bridgewater Pure Alpha Fund II, Ltd.; Nantahala Capital Mangement, LLC (Blackwell - Series A); Jones Road Capital Management LP (Blackwell-Series A); Silverback Asset Management (Blackwell - Series B); Silverback Convertible Fund Limited; Alta Fundamental Advisers LLC (Blackwell - Series A); Numerai GP LLC (Blackwell - Series A); Boldhaven Management LLP (Blackwell - Series E); RA Capital Management, LP (Blackwell - Series A); Direct: Negative CF NI Short (Blackwell - Series A); Direct: Short Strategy 1a (Blackwell); Gladstone Capital Management LLP (Blackwell - Series E); Permian Investment Partners (Blackwell - Series E); Sylebra Capital Limited (Blackwell - Series A); Parsifal Capital Management (Blackwell - Series A); Tiger Global Private Investment Partners XII, L.P.; Direct: Opportunistic Highly Levered (Blackwell); BWCP, LP (Blackwell Series - A); Coliseum Capital Management, LLC (Blackwell - Series A); Direct: Slow Growth High Valuation Short (Blackwell); Direct: Systematic Short (Blackwell); Solas Capital Management LLC (Blackwell - Series A); Philosophy Capital Management, LLC (Blackwell - Series A); The Children's Investment Fund; RGM Capital, LLC (Separate Account); Stony Point Capital LLC (Blackwell - Series E)",TRUE,27,0.178350555,105455831,0.8,0.76,3,AI Adopter,0,0,0,0,0,0,Not in Discovery Universe,NA,NA,NA,Innovation Leader (Low AI),Low,High,0.293929947,FALSE,Innovation Leader (Low AI)
VERCST 13 12/15/30,NA,NA,0,Unknown,NA,NA,0.3,0.1,0.03,0.004608295,4,3,NA,4,NA,NA,Emerging,NA,NA,,FALSE,0,0,0,1,NA,NA,AI Laggard,0,0,0,0,0,0,Tier 4: Monitor,75,75,75,Underperformer,NA,NA,0.205457585,FALSE,NA
VIRT US,5340318089,NA,0,Financial Services,25.44618778,33.96184684,33.96184684,0.1,0.03,0.004608295,4,3,4,3,0.875,4,Leader,0.013157895,12/31/2024,"Bridgewater Pure Alpha Fund II, Ltd.; Numerai GP LLC (Blackwell - Series A)",TRUE,2,-0.00241251,-301857.4408,0.8,0.7,3,AI Adopter,0,0,0,0,0,0,Not in Discovery Universe,NA,NA,NA,Innovation Leader,NA,NA,0.205457585,FALSE,NA
VZ US,1.75E+11,NA,0,Telecommunication Services,0.607580575,22.14471069,22.14471069,0.1,0.03,0.004608295,4,3,1,4,0.775,4,Leader,0.013157895,12/31/2024,"Sylebra Capital Limited (Blackwell - Series A); Numerai GP LLC (Blackwell - Series A); Parsifal Capital Management (Blackwell - Series A); Permian Investment Partners (Blackwell - Series E); Stony Point Capital LLC (Blackwell - Series E); Bridgewater Pure Alpha Fund II, Ltd.",TRUE,6,-0.027045276,-4132839.989,1,0.775,3,AI Adopter,0,0,0,0,0,0,Not in Discovery Universe,NA,NA,NA,Innovation Leader,NA,NA,0.205457585,FALSE,NA
WB US,2399287744,308.747,16.675,Media & Entertainment,-0.293152316,45.72895469,45.72895469,0.1,1.28683E-07,0.000483442,3,3,1,2,0.6,2,Developing,0.013157895,12/31/2024,Numerai GP LLC (Blackwell - Series A),TRUE,1,0.000483442,60544.91898,1.3,0.78,3,AI Adopter,0,0,0,0,0,0,Not in Discovery Universe,NA,NA,NA,Underperformer,NA,NA,0.205457585,FALSE,NA
WCPAY US,NA,NA,0,Unknown,NA,NA,0.3,0.1,0.03,0.004608295,4,3,NA,4,NA,NA,Emerging,NA,NA,,FALSE,0,0,0,1,NA,NA,AI Laggard,0,0,0,0,0,0,Tier 4: Monitor,76,76,76,Underperformer,NA,NA,0.205457585,FALSE,NA
WDAY US,59834700000,2626,0,Software & Services,16.35211462,34.66083749,34.66083749,0.1,4.38876E-08,0.000177668,2,3,3,2,0.625,3,Strong,0.013157895,12/31/2024,"Bridgewater Pure Alpha Fund II, Ltd.; Numerai GP LLC (Blackwell - Series A)",TRUE,2,0.000177668,26313.00167,1.4,0.875,4,AI Leader,0,0,0,0,0,0,Not in Discovery Universe,NA,NA,NA,AI Focused,NA,NA,0.205457585,FALSE,NA
WMT US,8.07E+11,0,0,Consumer Staples Distribution,5.070009643,22.85040819,22.85040819,0.1,0,0.004608295,1,3,2,4,0.6,2,Developing,0.013157895,12/31/2024,"Philosophy Capital Management, LLC (Blackwell - Series A); Bridgewater Pure Alpha Fund II, Ltd.; Numerai GP LLC (Blackwell - Series A)",TRUE,3,-0.006270426,-937553.7928,1,0.6,2,AI Follower,0,0,0,0,0,0,Not in Discovery Universe,NA,NA,NA,Underperformer,NA,NA,0.205457585,FALSE,NA
WORK US,NA,382.145,0,Software & Services,43.1755237,NA,0.3,0.1,0.03,0.004608295,4,3,4,4,0.925,4,Leader,NA,NA,,FALSE,0,0,0,1.4,1.295,4,AI Leader,0,0,0,0,0,0,Tier 1: Top 10 Opportunities,1,1,1,AI Pioneer,NA,NA,0.205457585,FALSE,NA
XIACF US,1.3E+11,24050.484,753.502,Technology Hardware & Equipmen,35.0356717,51.25416616,51.25416616,0.1,1.85004E-07,0.004608295,3,4,4,1,0.775,4,Leader,NA,NA,,FALSE,0,0,0,1.2,0.93,4,AI Leader,0,0,0,0,0,0,Tier 1: Top 10 Opportunities,12.5,9.5,9.5,AI Pioneer,NA,NA,0.205457585,FALSE,NA
XOM US,4.91E+11,987,0,Energy,1.359438537,23.23446041,23.23446041,0.1,2.01018E-09,0.004608295,1,3,1,4,0.55,2,Developing,0.013157895,12/31/2024,"Bridgewater Pure Alpha Fund II, Ltd.; Numerai GP LLC (Blackwell - Series A)",TRUE,2,-0.00361527,-444557.5643,0.7,0.385,1,AI Laggard,0,0,0,0,0,0,Not in Discovery Universe,NA,NA,NA,Underperformer,Low,Low,0.061486253,FALSE,Underperformer
XPEV US,20721019831,6456.734,0,Automobiles & Components,33.21886733,71.94013506,71.94013506,0.1,3.11603E-07,0.004608295,3,3,4,1,0.7,4,Leader,NA,NA,,FALSE,0,0,0,1.1,0.77,3,AI Adopter,0,0,0,0,0,0,Tier 2: Strong Candidates,21,20.5,19,Innovation Leader,NA,NA,0.205457585,FALSE,NA
YNDX19,NA,NA,0,Unknown,NA,NA,0.3,0.1,0.03,0.004608295,4,3,NA,4,NA,NA,Emerging,NA,NA,,FALSE,0,0,0,1,NA,NA,AI Laggard,0,0,0,0,0,0,Tier 4: Monitor,77,77,77,Underperformer,NA,NA,0.205457585,FALSE,NA
ZM US,24811921156,852.415,0,Software & Services,3.052842095,32.70685263,32.70685263,0.1,3.43551E-08,0.004608295,2,3,1,3,0.575,2,Developing,0.013157895,12/31/2024,"Bridgewater Pure Alpha Fund II, Ltd.; Numerai GP LLC (Blackwell - Series A)",TRUE,2,-0.000704695,-87868.25297,1.4,0.805,3,AI Adopter,0,0,0,0,0,0,Not in Discovery Universe,NA,NA,NA,Underperformer,NA,NA,0.205457585,FALSE,NA
ZS US,46225423324,672.485,0,Software & Services,23.31168744,41.95125731,41.95125731,0.1,1.45479E-08,4.3147E-05,2,3,4,2,0.675,3,Strong,0.013157895,12/31/2024,Silverback Convertible Fund Limited; Numerai GP LLC (Blackwell - Series A),TRUE,2,4.3147E-05,236340.0275,1.4,0.945,4,AI Leader,0,0,0,0,0,0,Not in Discovery Universe,NA,NA,NA,AI Focused,NA,NA,0.205457585,FALSE,NA
