Ticker,Tot Ret Idx Gross,Last Price,Volume,Mkt Cap,R&D Exp,Patents / Trademarks / Copy Rgt,Number of Employees,GM,Rev - 1 Yr Gr,Volatil 360D,BEst Analyst Rtg,GICS Ind Grp Name,Tot # Hldg in Port,Top 10 as of Dt,BEst Target Px,Rec Consensus,Earnings Conference Call Date,Tot Analyst Rec,News Sent,Percent Change in Institutional Holdings,Shrt Int
NVDA US,185.79,187.32,57014860,4.51E+12,12914,171,36000,74.98869706,114.2034076,52.92787558,4.772151947,Semiconductors & Semiconductor,#N/A Field Not Applicable,#N/A Field Not Applicable,237.1779938,4.772151947,11/19/2025,79,-0.038048955,-8.305667591,238599888
V US,322.56,323.235,1621680,6.32E+11,#N/A N/A,4084,34100,#N/A N/A,11.33997662,21.91587397,4.510204315,Financial Services,#N/A Field Not Applicable,#N/A Field Not Applicable,397.7631531,4.510204315,#N/A N/A,49,0.022329807,10.20996782,23894949
LLY US,1042.283,1044.99,774438,9.84E+11,10990.6,#N/A N/A,47000,81.31040102,31.99674131,39.63184603,4.447368622,"Pharmaceuticals, Biotechnology",#N/A Field Not Applicable,#N/A Field Not Applicable,1013.709656,4.447368622,#N/A N/A,38,0.008695445,38.5660021,6436275
BIO US,308.54,306.175,10288,8334306516,295.9,1.1,7700,53.72686538,-3.921816729,41.97170601,3.857142925,"Pharmaceuticals, Biotechnology",#N/A Field Not Applicable,#N/A Field Not Applicable,346.8571472,3.857142925,#N/A N/A,7,0,22.40728314,931212
META US,590.49,592.475,5314827,1.49E+12,43873,87,74067,81.66515705,21.94111281,36.45219459,4.695121765,Media & Entertainment,#N/A Field Not Applicable,#N/A Field Not Applicable,832.2210693,4.695121765,#N/A N/A,82,-0.050186832,-0.799000149,27949085
AMZN US,220.25,220.28,18652399,2.35E+12,88544,#N/A N/A,1556000,48.85439346,10.99089225,34.49026796,4.858823299,Consumer Discretionary Distrib,#N/A Field Not Applicable,#N/A Field Not Applicable,296.5673218,4.858823299,#N/A N/A,85,0.004131397,-2.670021993,70120761
MSFT US,493.2,493.823,4450772,3.67E+12,32488,#N/A N/A,228000,68.82374239,14.93215623,23.51003645,4.931506634,Software & Services,#N/A Field Not Applicable,#N/A Field Not Applicable,630.7750244,4.931506634,#N/A N/A,73,-0.001345312,1.229377542,52549516
TSLA US,401.855,408.79,22100143,1.34E+12,4540,#N/A N/A,125665,17.86262668,0.947578353,68.06042427,3.365079403,Automobiles & Components,#N/A Field Not Applicable,#N/A Field Not Applicable,387.5943604,3.365079403,#N/A N/A,63,0.229186659,-0.360199721,72221014
HDB US,37.04,36.83,714832,1.90E+11,#N/A N/A,#N/A N/A,214521,#N/A N/A,15.38111314,22.27408849,5,Banks,#N/A Field Not Applicable,#N/A Field Not Applicable,43.74000168,5,#N/A N/A,6,0.008440296,65.14687286,16084965
AMD US,229.57,234.36,10297962,3.74E+11,6456,689,28000,49.35039752,13.69047619,56.33437597,4.469696999,Semiconductors & Semiconductor,#N/A Field Not Applicable,#N/A Field Not Applicable,282.04599,4.469696999,#N/A N/A,66,0,15.17388026,37184848
ORCL US,221.85,227.355,6377804,6.32E+11,9860,#N/A N/A,162000,70.5099392,8.379751138,50.85704392,4.367346764,Software & Services,#N/A Field Not Applicable,#N/A Field Not Applicable,354.6700134,4.367346764,#N/A N/A,49,0.003314982,14.54504922,20573306
9984 JT,18825,18825,20230200,2.69E+13,507590,549725,67229,51.8267743,7.211603641,58.40491,4,Telecommunication Services,#N/A Field Not Applicable,#N/A Field Not Applicable,26175.66602,4,#N/A N/A,22,-0.016045226,76.88016095,#N/A N/A
005930 KS,97700,97700,29310533,5.78E+14,35021531,#N/A N/A,#N/A N/A,37.99258548,16.19531118,35.07429,4.666666508,Technology Hardware & Equipmen,#N/A Field Not Applicable,#N/A Field Not Applicable,130226.3594,4.666666508,#N/A N/A,42,-0.008355675,61.72595291,#N/A N/A
BABA US,160.13,160.435,2451277,3.82E+11,57151,#N/A N/A,124320,39.95214519,5.862821515,46.62626311,4.840000153,Consumer Discretionary Distrib,#N/A Field Not Applicable,#N/A Field Not Applicable,201.7665863,4.840000153,11/25/2025,50,-0.007304744,-0.892945676,41333243
LMT US,471.46,471.43,170693,1.09E+11,#N/A N/A,837,121000,9.754655631,5.138298974,25.10951978,3.807692289,Capital Goods,#N/A Field Not Applicable,#N/A Field Not Applicable,536.8095093,3.807692289,#N/A N/A,26,0,-1.66633405,2616247
8TRA GR,28.3,28.58,104151,14150000000,2471,1684,105541,21.2752512,1.282215395,38.04564,3.478260756,Capital Goods,#N/A Field Not Applicable,#N/A Field Not Applicable,31.65855408,3.478260756,#N/A N/A,23,0,5.735642874,#N/A N/A
6501 JT,4700,4700,17663000,2.15E+13,259400,#N/A N/A,282743,28.83304015,0.561780198,51.17324,4.699999809,Capital Goods,#N/A Field Not Applicable,#N/A Field Not Applicable,5657.143066,4.699999809,#N/A N/A,20,0.0591979,44.50414933,#N/A N/A
GE US,298.595,300.58,664092,3.15E+11,1286,1985,#N/A N/A,37.19187639,9.488514202,31.76196897,4.304347992,Capital Goods,#N/A Field Not Applicable,#N/A Field Not Applicable,333.3888855,4.304347992,#N/A N/A,23,0,16.36444952,12095919
AMT US,181.9125,179.91,352236,85161722556,#N/A N/A,#N/A N/A,4691,#N/A N/A,1.14859871,25.93675084,4.423077106,Equity Real Estate Investment,#N/A Field Not Applicable,#N/A Field Not Applicable,228.4782562,4.423077106,#N/A N/A,26,0,14.8091909,4948438
NET US,193.93,195.26,886317,68040452390,421.374,#N/A N/A,4263,77.31815389,28.75515232,49.48252148,3.916666746,Software & Services,#N/A Field Not Applicable,#N/A Field Not Applicable,244.2257996,3.916666746,#N/A N/A,36,-0.353734234,59.35132912,9146655
SPOT US,634.38,635.34,137408,1.32E+11,1486,#N/A N/A,7691,30.14100683,18.31358043,41.80261449,4.355555534,Media & Entertainment,#N/A Field Not Applicable,#N/A Field Not Applicable,753.6558838,4.355555534,#N/A N/A,45,0,16.69130244,7143559
PCOR US,71.91,72.97,140506,11179837633,312.987,#N/A N/A,4203,82.14721092,21.23114494,46.69201851,4.272727489,Software & Services,#N/A Field Not Applicable,#N/A Field Not Applicable,86.1764679,4.272727489,#N/A N/A,22,0,23.93547856,11226480
JBL US,202.2107,203.33,89208,21595030928,26,58,135000,8.878598752,3.181802444,40.42658147,4.636363506,Technology Hardware & Equipmen,#N/A Field Not Applicable,#N/A Field Not Applicable,247.1000061,4.636363506,#N/A N/A,11,0,7.292145287,3871198
J US,149.71,150.13,79008,17895804774,0,191.485,45000,24.63064544,5.985585297,24.05508053,4.111111164,Commercial & Professional Serv,#N/A Field Not Applicable,#N/A Field Not Applicable,164.5454559,4.111111164,11/20/2025,18,0,24.90106243,2133230
INF US,#N/A N/A,#N/A Real Time,#N/A Real Time,#N/A N/A,#N/A Field Not Applicable,#N/A Field Not Applicable,#N/A Field Not Applicable,#N/A Field Not Applicable,#N/A Field Not Applicable,#N/A N/A,0,#N/A N/A,0,#N/A Field Not Applicable,#N/A N/A,0,#N/A N/A,0,0,0,#N/A N/A
XOM US,117.3748,116.79,3019877,4.91E+11,987,#N/A N/A,60900,14.87234964,1.359438537,23.23446041,4.058823586,Energy,#N/A Field Not Applicable,#N/A Field Not Applicable,129.4482727,4.058823586,#N/A N/A,34,-0.01374924,16.49328314,41661225
CVX US,152.4281,150.878,1468164,3.04E+11,353,#N/A N/A,45298,26.99390944,-1.776926866,24.12549903,4.030303001,Energy,#N/A Field Not Applicable,#N/A Field Not Applicable,172.6071472,4.030303001,#N/A N/A,33,-0.00565049,32.75878548,14024760
LIN US,413.395,413,482029,1.93E+11,150,2239,65289,48.05938494,0.45960918,17.69497142,4.441176414,Materials,#N/A Field Not Applicable,#N/A Field Not Applicable,504.598114,4.441176414,#N/A N/A,34,0,11.77195778,6291058
APD US,251.07,251.645,98743,55876542395,96.3,48.5,21300,31.41319067,-0.523114556,26.6864294,4.230769157,Materials,#N/A Field Not Applicable,#N/A Field Not Applicable,314,4.230769157,#N/A N/A,26,0,16.840714,5038161
NEE US,85.2,84.3,2028518,1.77E+11,0,#N/A N/A,16800,79.68327071,-11.95489792,28.26981199,4.222222328,Utilities,#N/A Field Not Applicable,#N/A Field Not Applicable,91.04166412,4.222222328,#N/A N/A,27,0.021824268,25.8468781,26882894
DUK US,124.5366,122.6,420645,96055770000,0,#N/A N/A,26413,67.813025,4.463179628,17.21193674,4,Utilities,#N/A Field Not Applicable,#N/A Field Not Applicable,137.5263214,4,2/10/2026,24,0,14.88765926,13605957
CAT US,553.3,557.68,390681,2.59E+11,2107,#N/A N/A,113200,35.98882871,-3.356695497,30.88276738,3.962962866,Capital Goods,#N/A Field Not Applicable,#N/A Field Not Applicable,605.291687,3.962962866,1/29/2026,27,0,17.89573363,6765731
DE US,470.9444,473.885,162412,1.27E+11,2290,722,35200,40.49230412,-15.56709278,27.43647279,3.962962866,Capital Goods,#N/A Field Not Applicable,#N/A Field Not Applicable,525.0999756,3.962962866,11/26/2025,27,0,20.53971299,4185265
KO US,71.055,71.03,2143452,3.06E+11,0,13301,69700,61.06330082,2.856580845,16.80440535,4.8125,"Food, Beverage & Tobacco",#N/A Field Not Applicable,#N/A Field Not Applicable,79.44000244,4.8125,#N/A N/A,32,0.033955117,26.84084865,35775779
PG US,146.315,146.56,1143151,3.42E+11,2100,21225,109000,51.16036258,0.291531313,18.40184849,4.071428776,Household & Personal Products,#N/A Field Not Applicable,#N/A Field Not Applicable,169.2307739,4.071428776,1/22/2026,28,0,15.17316739,18663695
IBM US,290.3108,290.03,1024936,2.71E+11,7479,1307,270300,56.6522716,1.443582283,28.37598629,3.5,Software & Services,#N/A Field Not Applicable,#N/A Field Not Applicable,290.6000061,3.5,#N/A N/A,22,0,22.12442585,18050081
SAP GR,207.25,207.2,513745,2.55E+11,6514,#N/A N/A,#N/A N/A,72.95470506,9.510381953,27.62807,4.40625,Software & Services,#N/A Field Not Applicable,#N/A Field Not Applicable,285.8148193,4.40625,1/29/2026,32,0,33.75591391,#N/A N/A
CRM US,229.955,228.885,1887292,2.19E+11,5493,#N/A N/A,76453,77.19224172,8.71560949,32.30885036,4.53125,Software & Services,#N/A Field Not Applicable,#N/A Field Not Applicable,327.3333435,4.53125,12/3/2025,64,0,11.83902472,16845911
ADBE US,318.1585,318.775,904209,1.33E+11,3944,114,30709,89.03510811,10.79911381,33.10037536,4.173913002,Software & Services,#N/A Field Not Applicable,#N/A Field Not Applicable,457.0775757,4.173913002,12/10/2025,46,0.013676833,9.404203082,11464202
INTC US,34.625,35.445,16547060,1.65E+11,16546,1535,108900,32.66416828,-2.078262152,64.10208133,2.846153736,Semiconductors & Semiconductor,#N/A Field Not Applicable,#N/A Field Not Applicable,37.78461456,2.846153736,#N/A N/A,52,0.016768514,23.62715748,115142507
SMCI US,34.62,34.42,6462536,20667140624,636.55,#N/A N/A,6238,11.05915417,46.58532304,104.2593936,3.565217495,Technology Hardware & Equipmen,#N/A Field Not Applicable,#N/A Field Not Applicable,48.88523865,3.565217495,#N/A N/A,23,0.106781477,36.93257303,76819270
SNPS US,384.96,398.602,591945,71505809158,2082.36,0.008,20000,79.67683383,15.22038114,57.52707476,4.440000057,Software & Services,#N/A Field Not Applicable,#N/A Field Not Applicable,553.6956787,4.440000057,12/10/2025,25,-0.025137657,34.54100493,4073028
ANET US,124.02,125.84,1524487,1.56E+11,996.717,#N/A N/A,4412,64.13264838,19.50418486,54.55498737,4.571428776,Technology Hardware & Equipmen,#N/A Field Not Applicable,#N/A Field Not Applicable,163.6324005,4.571428776,#N/A N/A,28,0,13.47959154,12518459
ASML US,1024.07,1029.72,377435,3.97E+11,4303.7,54.9,44027,51.27570065,2.5560172,45.09479032,4.238095284,Semiconductors & Semiconductor,#N/A Field Not Applicable,#N/A Field Not Applicable,1081.214233,4.238095284,#N/A N/A,21,0.106781477,4.95230526,1375036
MU US,228,232.22,11119204,2.56E+11,3798,#N/A N/A,53000,39.79078602,48.85110111,61.53025723,4.574468136,Semiconductors & Semiconductor,#N/A Field Not Applicable,#N/A Field Not Applicable,224.0970001,4.574468136,#N/A N/A,47,0,18.04632184,26527161
BOTZ US,33.85,34.04,238049,2911099854,#N/A Field Not Applicable,#N/A Field Not Applicable,#N/A Field Not Applicable,#N/A Field Not Applicable,#N/A Field Not Applicable,26.76563557,0,#N/A N/A,55,#N/A Field Not Applicable,#N/A N/A,0,#N/A N/A,0,0,-1.688354402,1485449
AIQ US,48.94,49.32,563019,6829087402,#N/A Field Not Applicable,#N/A Field Not Applicable,#N/A Field Not Applicable,#N/A Field Not Applicable,#N/A Field Not Applicable,25.39324811,#N/A N/A,#N/A N/A,92,#N/A Field Not Applicable,#N/A N/A,#N/A N/A,#N/A N/A,0,0,58.91238387,929800
ROBT US,50.0399,50.3795,17285,633004882.8,#N/A Field Not Applicable,#N/A Field Not Applicable,#N/A Field Not Applicable,#N/A Field Not Applicable,#N/A Field Not Applicable,26.58458465,0,#N/A N/A,115,#N/A Field Not Applicable,#N/A N/A,0,#N/A N/A,0,0,9.918277337,361459
QTUM US,104.74,105.74,111218,2974615967,#N/A Field Not Applicable,#N/A Field Not Applicable,#N/A Field Not Applicable,#N/A Field Not Applicable,#N/A Field Not Applicable,30.97085958,0,#N/A N/A,78,#N/A Field Not Applicable,#N/A N/A,0,#N/A N/A,0,0,57.64652126,595779
AIEQ US,43.73,44.01,1287,113697998,#N/A Field Not Applicable,#N/A Field Not Applicable,#N/A Field Not Applicable,#N/A Field Not Applicable,#N/A Field Not Applicable,22.22169486,0,#N/A N/A,162,#N/A Field Not Applicable,#N/A N/A,0,#N/A N/A,0,0,-4.304487084,36
XLK US,280.92,283.57,2685069,91075921875,#N/A Field Not Applicable,#N/A Field Not Applicable,#N/A Field Not Applicable,#N/A Field Not Applicable,#N/A Field Not Applicable,27.38602736,0,#N/A N/A,81,#N/A Field Not Applicable,#N/A N/A,0,#N/A N/A,0,0,10.82203319,6783489
IGV US,104.175,104.91,721335,8349626953,#N/A Field Not Applicable,#N/A Field Not Applicable,#N/A Field Not Applicable,#N/A Field Not Applicable,#N/A Field Not Applicable,25.88727838,0,#N/A N/A,117,#N/A Field Not Applicable,#N/A N/A,0,#N/A N/A,0,0,-22.70550389,#N/A N/A
SOXX US,280.43,284.085,1304029,15732123047,#N/A Field Not Applicable,#N/A Field Not Applicable,#N/A Field Not Applicable,#N/A Field Not Applicable,#N/A Field Not Applicable,40.17742587,0,#N/A N/A,32,#N/A Field Not Applicable,#N/A N/A,0,#N/A N/A,0,0,-18.80811834,5015454
VGT US,737.615,744.638,180542,1.10E+11,#N/A Field Not Applicable,#N/A Field Not Applicable,#N/A Field Not Applicable,#N/A Field Not Applicable,#N/A Field Not Applicable,27.34808381,0,#N/A N/A,319,#N/A Field Not Applicable,#N/A N/A,0,#N/A N/A,0,0,5.782233969,383460
FDIS US,95.62,96.135,12753,1807218018,#N/A Field Not Applicable,#N/A Field Not Applicable,#N/A Field Not Applicable,#N/A Field Not Applicable,#N/A Field Not Applicable,24.42800546,0,#N/A N/A,255,#N/A Field Not Applicable,#N/A N/A,0,#N/A N/A,0,0,-3.659003622,46430
XLE US,89.08,89.49,8257307,27119628906,#N/A Field Not Applicable,#N/A Field Not Applicable,#N/A Field Not Applicable,#N/A Field Not Applicable,#N/A Field Not Applicable,23.72409999,0,#N/A N/A,43,#N/A Field Not Applicable,#N/A N/A,0,#N/A N/A,0,0,-5.214471082,40721089
XLI US,149.895,150.47,2905851,23222632813,#N/A Field Not Applicable,#N/A Field Not Applicable,#N/A Field Not Applicable,#N/A Field Not Applicable,#N/A Field Not Applicable,18.0492556,0,#N/A N/A,102,#N/A Field Not Applicable,#N/A N/A,0,#N/A N/A,0,0,8.227416879,27729910
XLP US,76.72,76.665,3042374,14873845703,#N/A Field Not Applicable,#N/A Field Not Applicable,#N/A Field Not Applicable,#N/A Field Not Applicable,#N/A Field Not Applicable,12.93500782,0,#N/A N/A,42,#N/A Field Not Applicable,#N/A N/A,0,#N/A N/A,0,0,23.09346696,33190399
SPX,6649.573,6676.24,#N/A N/A,5.85E+13,96.61717933,#N/A Field Not Applicable,28174063,34.61307766,#N/A N/A,17.77131,#N/A N/A,#N/A N/A,#N/A Field Not Applicable,#N/A Field Not Applicable,7797.420709,#N/A Field Not Applicable,#N/A Field Not Applicable,#N/A Field Not Applicable,#N/A N/A,#N/A Field Not Applicable,#N/A N/A
IWM US,234.1157,235.12,13031363,67331679688,#N/A Field Not Applicable,#N/A Field Not Applicable,#N/A Field Not Applicable,#N/A Field Not Applicable,#N/A Field Not Applicable,23.21303589,0,#N/A N/A,1962,#N/A Field Not Applicable,#N/A N/A,0,#N/A N/A,0,0,-6.285474056,82900859
AAPL US,269.025,271.31,9581922,3.98E+12,34550,#N/A N/A,166000,46.90516411,6.425511783,30.00272833,4.081967354,Technology Hardware & Equipmen,#N/A Field Not Applicable,#N/A Field Not Applicable,285.1219482,4.081967354,#N/A N/A,61,0.012162857,17.65425196,115557836
MSFT US,493.2,493.823,4450772,3.67E+12,32488,#N/A N/A,228000,68.82374239,14.93215623,23.51003645,4.931506634,Software & Services,#N/A Field Not Applicable,#N/A Field Not Applicable,630.7750244,4.931506634,#N/A N/A,73,-0.001345312,1.229377542,52549516
AMZN US,220.25,220.28,18652399,2.35E+12,88544,#N/A N/A,1556000,48.85439346,10.99089225,34.49026796,4.858823299,Consumer Discretionary Distrib,#N/A Field Not Applicable,#N/A Field Not Applicable,296.5673218,4.858823299,#N/A N/A,85,0.004131397,-2.670021993,70120761
GOOGL US,299.0899,300.26,27872297,3.61E+12,49326,#N/A N/A,183323,58.20043541,13.86624332,31.41169684,4.692307472,Media & Entertainment,#N/A Field Not Applicable,#N/A Field Not Applicable,322.6825256,4.692307472,#N/A N/A,78,0.000481536,0.581715118,67264072
TSLA US,401.855,408.79,22100143,1.34E+12,4540,#N/A N/A,125665,17.86262668,0.947578353,68.06042427,3.365079403,Automobiles & Components,#N/A Field Not Applicable,#N/A Field Not Applicable,387.5943604,3.365079403,#N/A N/A,63,0.229186659,-0.360199721,72221014
NVDA US,185.79,187.32,57014860,4.51E+12,12914,171,36000,74.98869706,114.2034076,52.92787558,4.772151947,Semiconductors & Semiconductor,#N/A Field Not Applicable,#N/A Field Not Applicable,237.1779938,4.772151947,11/19/2025,79,-0.038048955,-8.305667591,238599888
META US,590.49,592.475,5314827,1.49E+12,43873,87,74067,81.66515705,21.94111281,36.45219459,4.695121765,Media & Entertainment,#N/A Field Not Applicable,#N/A Field Not Applicable,832.2210693,4.695121765,#N/A N/A,82,-0.050186832,-0.799000149,27949085
BRK/B US,499.06,498.43,1093448,1.08E+12,0,8982,392396,37.64096061,-3.43813519,18.54958909,3.666666746,Financial Services,#N/A Field Not Applicable,#N/A Field Not Applicable,529.4000244,3.666666746,#N/A N/A,6,0.043543894,23.85105328,11974812
JPM US,302.63,302.645,1049532,8.24E+11,#N/A N/A,#N/A N/A,317233,#N/A N/A,16.48992378,26.0185324,3.969696999,Banks,#N/A Field Not Applicable,#N/A Field Not Applicable,328.1876526,3.969696999,1/13/2026,33,0,16.30889144,24932870
JNJ US,201.09,201.595,3204662,4.84E+11,17232,18571,139800,69.07150336,4.300191407,18.64959199,4.066666603,"Pharmaceuticals, Biotechnology",#N/A Field Not Applicable,#N/A Field Not Applicable,203.6785736,4.066666603,1/21/2026,30,-0.034274463,25.72204249,19529775
V US,322.56,323.235,1621680,6.32E+11,#N/A N/A,4084,34100,#N/A N/A,11.33997662,21.91587397,4.510204315,Financial Services,#N/A Field Not Applicable,#N/A Field Not Applicable,397.7631531,4.510204315,#N/A N/A,49,0.022329807,10.20996782,23894949
PG US,146.315,146.56,1143151,3.42E+11,2100,21225,109000,51.16036258,0.291531313,18.40184849,4.071428776,Household & Personal Products,#N/A Field Not Applicable,#N/A Field Not Applicable,169.2307739,4.071428776,1/22/2026,28,0,15.17316739,18663695
UNH US,307.9,308.05,1855587,2.79E+11,0,12087,400000,22.33422771,7.71106124,45.57817395,4.300000191,Health Care Equipment & Servic,#N/A Field Not Applicable,#N/A Field Not Applicable,392.2000122,4.300000191,#N/A N/A,30,0,10.01841263,12595742
HD US,334.91,334.29,2425271,3.33E+11,0,#N/A N/A,470100,33.41901024,4.483555928,22.73838896,4.069767475,Consumer Discretionary Distrib,#N/A Field Not Applicable,#N/A Field Not Applicable,404.8421021,4.069767475,#N/A N/A,43,-0.045790901,0.335883273,10374151
BAC US,52.155,52.347,6592598,3.81E+11,#N/A N/A,#N/A N/A,213193,#N/A N/A,11.93750291,27.20410273,4.633333206,Banks,#N/A Field Not Applicable,#N/A Field Not Applicable,59.02241516,4.633333206,1/14/2026,30,0,26.06451507,110410239
MA US,528.95,526.38,470466,4.75E+11,#N/A N/A,153,35300,#N/A N/A,12.22806598,21.34616985,4.489361763,Financial Services,#N/A Field Not Applicable,#N/A Field Not Applicable,655.8649902,4.489361763,#N/A N/A,47,0,21.74832752,6227798
PFE US,25.395,25.27,9440402,1.44E+11,10822,35848,81000,71.94430038,6.839171172,25.5803289,3.896551609,"Pharmaceuticals, Biotechnology",#N/A Field Not Applicable,#N/A Field Not Applicable,29.29833412,3.896551609,#N/A N/A,29,0,14.27450811,126587750
NFLX US,111.1302,111.125,8971181,4.71E+11,2925.295,#N/A N/A,14000,46.05655665,15.64991999,32.09921218,4.393442631,Media & Entertainment,#N/A Field Not Applicable,#N/A Field Not Applicable,132.1766968,4.393442631,#N/A N/A,61,0.031219298,-2.114567863,67438850
ADBE US,318.1585,318.775,904209,1.33E+11,3944,114,30709,89.03510811,10.79911381,33.10037536,4.173913002,Software & Services,#N/A Field Not Applicable,#N/A Field Not Applicable,457.0775757,4.173913002,12/10/2025,46,0.013676833,9.404203082,11464202
CRM US,229.955,228.885,1887292,2.19E+11,5493,#N/A N/A,76453,77.19224172,8.71560949,32.30885036,4.53125,Software & Services,#N/A Field Not Applicable,#N/A Field Not Applicable,327.3333435,4.53125,12/3/2025,64,0,11.83902472,16845911
INTC US,34.625,35.445,16547060,1.65E+11,16546,1535,108900,32.66416828,-2.078262152,64.10208133,2.846153736,Semiconductors & Semiconductor,#N/A Field Not Applicable,#N/A Field Not Applicable,37.78461456,2.846153736,#N/A N/A,52,0.016768514,23.62715748,115142507
CSCO US,78.51,78.63,4290811,3.10E+11,9300,454,65700,64.93804497,5.298961024,22.83191125,4.074074268,Technology Hardware & Equipmen,#N/A Field Not Applicable,#N/A Field Not Applicable,86.20833588,4.074074268,#N/A N/A,27,0.024017553,28.88616233,48002950
VZ US,41.39,41.29,5143400,1.75E+11,#N/A N/A,#N/A N/A,99600,59.86512152,0.607580575,22.14471069,3.64516139,Telecommunication Services,#N/A Field Not Applicable,#N/A Field Not Applicable,46.02083206,3.64516139,1/27/2026,31,0,47.4070588,101722175
T US,25.5451,25.33,4792061,1.81E+11,955,5255,140990,59.76572718,-0.075146208,22.78909737,4.3125,Telecommunication Services,#N/A Field Not Applicable,#N/A Field Not Applicable,30.50926018,4.3125,#N/A N/A,32,0,15.28005334,86628864
WMT US,101.185,100.41,4765795,8.07E+11,0,#N/A N/A,2100000,24.85106133,5.070009643,22.85040819,4.875,Consumer Staples Distribution,#N/A Field Not Applicable,#N/A Field Not Applicable,113.9512177,4.875,11/20/2025,48,-0.003033619,160.2215011,38821970
MCD US,303.465,303.015,284266,2.16E+11,#N/A N/A,#N/A N/A,150000,58.05941358,1.672177832,18.88017559,3.883720875,Consumer Services,#N/A Field Not Applicable,#N/A Field Not Applicable,332.4515991,3.883720875,#N/A N/A,43,0.049125265,23.73735237,7258102
DIS US,107.16,106.74,2004246,1.91E+11,0,5473,231000,37.76436325,3.353728615,28.1008557,4.5,Media & Entertainment,#N/A Field Not Applicable,#N/A Field Not Applicable,132.2413788,4.5,#N/A N/A,40,-0.02208849,12.76915988,18349450
XOM US,117.3748,116.79,3019877,4.91E+11,987,#N/A N/A,60900,14.87234964,1.359438537,23.23446041,4.058823586,Energy,#N/A Field Not Applicable,#N/A Field Not Applicable,129.4482727,4.058823586,#N/A N/A,34,-0.01374924,16.49328314,41661225
CVX US,152.4281,150.878,1468164,3.04E+11,353,#N/A N/A,45298,26.99390944,-1.776926866,24.12549903,4.030303001,Energy,#N/A Field Not Applicable,#N/A Field Not Applicable,172.6071472,4.030303001,#N/A N/A,33,-0.00565049,32.75878548,14024760
ABBV US,236.775,235.56,1162405,4.18E+11,12791,53175,55000,69.99325452,3.711476858,27.59024421,4.272727489,"Pharmaceuticals, Biotechnology",#N/A Field Not Applicable,#N/A Field Not Applicable,246.4516144,4.272727489,#N/A N/A,33,0,15.05601106,18891139
ABT US,130.985,129.675,576458,2.28E+11,2844,#N/A N/A,114000,55.40882002,4.589992271,21.42249459,4.419354916,Health Care Equipment & Servic,#N/A Field Not Applicable,#N/A Field Not Applicable,143.9285736,4.419354916,#N/A N/A,31,0,16.40396812,20171849
MRK US,96.03,96.605,4432076,2.38E+11,17938,1927,75000,76.32308939,6.742077684,28.82133848,4.090909004,"Pharmaceuticals, Biotechnology",#N/A Field Not Applicable,#N/A Field Not Applicable,103.1111145,4.090909004,2/3/2026,33,0,13.84214253,25815354
TMO US,571.895,571.065,260946,2.15E+11,1390,1762,125000,41.28361202,0.051333504,29.64071164,4.5,"Pharmaceuticals, Biotechnology",#N/A Field Not Applicable,#N/A Field Not Applicable,619.4347534,4.5,#N/A N/A,28,0,11.1767573,4409154
UPS US,94.17162,93.453,959582,78526571043,0,349,314000,20.28439662,0.123133754,32.49011674,3.75,Transportation,#N/A Field Not Applicable,#N/A Field Not Applicable,103.8000031,3.75,#N/A N/A,32,0,10.72181104,19071206
LMT US,471.46,471.43,170693,1.09E+11,#N/A N/A,837,121000,9.754655631,5.138298974,25.10951978,3.807692289,Capital Goods,#N/A Field Not Applicable,#N/A Field Not Applicable,536.8095093,3.807692289,#N/A N/A,26,0,-1.66633405,2616247
BA US,186.33,185.51,3383316,1.42E+11,3812,197,172000,-2.993219778,-14.49597655,36.57222421,4.424242496,Capital Goods,#N/A Field Not Applicable,#N/A Field Not Applicable,249.4285736,4.424242496,#N/A N/A,33,0,8.192667409,15327110
RTX US,174.15,174.575,615214,2.33E+11,2934,8463,186000,19.0864277,17.1474173,25.77753722,4.208333492,Capital Goods,#N/A Field Not Applicable,#N/A Field Not Applicable,195.5909119,4.208333492,#N/A N/A,24,0,20.85527499,12406437
MMM US,166.1607,166.665,379933,87885871941,1085,187,61500,41.21261445,-24.80340259,32.55798633,4,Capital Goods,#N/A Field Not Applicable,#N/A Field Not Applicable,176.3333282,4,#N/A N/A,20,0,25.72178345,6812250
CAT US,553.3,557.68,390681,2.59E+11,2107,#N/A N/A,113200,35.98882871,-3.356695497,30.88276738,3.962962866,Capital Goods,#N/A Field Not Applicable,#N/A Field Not Applicable,605.291687,3.962962866,1/29/2026,27,0,17.89573363,6765731
DE US,470.9444,473.885,162412,1.27E+11,2290,722,35200,40.49230412,-15.56709278,27.43647279,3.962962866,Capital Goods,#N/A Field Not Applicable,#N/A Field Not Applicable,525.0999756,3.962962866,11/26/2025,27,0,20.53971299,4185265
GS US,778.27,781.18,341075,2.42E+11,#N/A N/A,#N/A N/A,46500,#N/A N/A,17.00363408,31.69149065,3.655172348,Financial Services,#N/A Field Not Applicable,#N/A Field Not Applicable,820.4782715,3.655172348,1/15/2026,29,0,1.047539978,6548012
MS US,160.93,161.41,1003842,2.56E+11,#N/A N/A,#N/A N/A,80000,#N/A N/A,11.52982515,31.23708384,3.642857075,Financial Services,#N/A Field Not Applicable,#N/A Field Not Applicable,172.7391357,3.642857075,1/15/2026,28,0,55.3408935,14187742
AXP US,342.65,342.565,391950,2.36E+11,#N/A N/A,#N/A N/A,75100,#N/A N/A,10.14933793,30.59741043,3.647058725,Financial Services,#N/A Field Not Applicable,#N/A Field Not Applicable,356.8571472,3.647058725,#N/A N/A,34,0,32.62926104,10145452
IBM US,290.3108,290.03,1024936,2.71E+11,7479,1307,270300,56.6522716,1.443582283,28.37598629,3.5,Software & Services,#N/A Field Not Applicable,#N/A Field Not Applicable,290.6000061,3.5,#N/A N/A,22,0,22.12442585,18050081
QCOM US,165.52,166.64,1552635,1.77E+11,9042,#N/A N/A,52000,55.42859724,13.65946307,41.59753302,3.977272749,Semiconductors & Semiconductor,#N/A Field Not Applicable,#N/A Field Not Applicable,194.4482727,3.977272749,#N/A N/A,44,-0.430824751,100.6405368,24435707
TXN US,156.85,158.66,951620,1.43E+11,1959,#N/A N/A,34000,58.14206253,-10.71978994,38.13396066,3.391304255,Semiconductors & Semiconductor,#N/A Field Not Applicable,#N/A Field Not Applicable,191.3330536,3.391304255,#N/A N/A,46,0,11.0997507,17620587
AMAT US,231.68,231.28,1560477,1.85E+11,3570,#N/A N/A,36500,48.67456289,4.386223138,47.80869677,4.116279125,Semiconductors & Semiconductor,#N/A Field Not Applicable,#N/A Field Not Applicable,242.3027802,4.116279125,#N/A N/A,43,0.106781477,13.73138947,17115618
LRCX US,148.55,149.83,2283088,1.87E+11,2096.387,#N/A N/A,19000,48.70502389,23.68408976,50.27890191,4.228571415,Semiconductors & Semiconductor,#N/A Field Not Applicable,#N/A Field Not Applicable,163.1999969,4.228571415,#N/A N/A,35,0,9.781381112,33328175
AMD US,229.57,234.36,10297962,3.74E+11,6456,689,28000,49.35039752,13.69047619,56.33437597,4.469696999,Semiconductors & Semiconductor,#N/A Field Not Applicable,#N/A Field Not Applicable,282.04599,4.469696999,#N/A N/A,66,0,15.17388026,37184848
AVGO US,345.2074,357.55,6160182,1.63E+12,9310,1351,37000,63.03369915,43.98503587,56.27682295,4.793103218,Semiconductors & Semiconductor,#N/A Field Not Applicable,#N/A Field Not Applicable,401.25,4.793103218,12/11/2025,58,0.005895246,26.71476013,54655737
TSM US,280.49,282.84,2968657,1.45E+12,204181.823,7033.297,83825,56.12235232,33.88813028,43.22701269,4.838709831,Semiconductors & Semiconductor,#N/A Field Not Applicable,#N/A Field Not Applicable,355.4533997,4.838709831,#N/A N/A,31,-0.252428796,-1.581040695,33565215
TCEHY US,80.16,79.8,252879,7.33E+11,70686,7081,110558,52.89546343,8.413914271,35.10668345,4.199999809,Media & Entertainment,#N/A Field Not Applicable,#N/A Field Not Applicable,96,4.199999809,#N/A N/A,5,0,1.394423773,1735860
BABA US,160.13,160.435,2451277,3.82E+11,57151,#N/A N/A,124320,39.95214519,5.862821515,46.62626311,4.840000153,Consumer Discretionary Distrib,#N/A Field Not Applicable,#N/A Field Not Applicable,201.7665863,4.840000153,11/25/2025,50,-0.007304744,-0.892945676,41333243
MPNGF US,12.35,12,145,76912967650,21053.601,#N/A N/A,108900,38.44426319,21.98653349,78.98630601,4.220338821,Consumer Services,#N/A Field Not Applicable,#N/A Field Not Applicable,15.98102951,4.220338821,#N/A N/A,59,0,71.14543283,29897507
JD US,29.2102,29.18,3353385,42451022215,17031,#N/A N/A,570895,15.86684374,6.836876373,48.29760229,4.782608509,Consumer Discretionary Distrib,#N/A Field Not Applicable,#N/A Field Not Applicable,42.1115799,4.782608509,#N/A N/A,46,0.021206055,1.130006642,25697668
PDD US,118.88,119.008,4969341,1.69E+11,12659.361,#N/A N/A,23465,60.92273533,59.0362467,54.50338443,4.350877285,Consumer Discretionary Distrib,#N/A Field Not Applicable,#N/A Field Not Applicable,144.5081635,4.350877285,#N/A N/A,57,-0.197489111,4.27578911,20749586
BIDU US,113.445,115.088,1235477,39773529871,22133,283,35900,50.34591549,-1.094369901,46.2832842,4.540540695,Media & Entertainment,#N/A Field Not Applicable,#N/A Field Not Applicable,149.3088226,4.540540695,#N/A N/A,37,-0.487459125,6.75010693,6463495
NTES US,135.89,134.17,587607,86045314813,17524.812,#N/A N/A,26028,62.49768413,1.765835033,38.6258965,4.810811043,Media & Entertainment,#N/A Field Not Applicable,#N/A Field Not Applicable,164.75,4.810811043,11/20/2025,37,0.08477015,9.48192055,2108159
RELIANCE IN,1518.9,1518.9,5982320,2.06E+13,#N/A N/A,90870,403303,#N/A N/A,7.061540579,20.49416,4.6842103,Energy,#N/A Field Not Applicable,#N/A Field Not Applicable,1684.028564,4.6842103,#N/A N/A,38,-0.002662777,231.5288038,#N/A N/A
INFY US,17.3,17.305,1666741,71871143338,12960,2280,323578,30.45769679,6.064944361,26.27683008,3.75,Software & Services,#N/A Field Not Applicable,#N/A Field Not Applicable,18.17823029,3.75,#N/A N/A,16,0.959177424,-3.488762579,147837881
APH US,134.33,136.065,1086665,1.64E+11,453,269.1,125000,33.76339283,21.2510056,35.62482545,4.300000191,Technology Hardware & Equipmen,#N/A Field Not Applicable,#N/A Field Not Applicable,148.3157959,4.300000191,1/28/2026,20,0,23.9261019,9434248
HDB US,37.04,36.83,714832,1.90E+11,#N/A N/A,#N/A N/A,214521,#N/A N/A,15.38111314,22.27408849,5,Banks,#N/A Field Not Applicable,#N/A Field Not Applicable,43.74000168,5,#N/A N/A,6,0.008440296,65.14687286,16084965
IBN US,31.3,31.16,833619,1.12E+11,#N/A N/A,#N/A N/A,129177,#N/A N/A,58.56966406,20.10340074,5,Banks,#N/A Field Not Applicable,#N/A Field Not Applicable,39.79999924,5,#N/A N/A,4,-0.039621853,-2.376940291,22658801
005930 KS,97700,97700,29310533,5.78E+14,35021531,#N/A N/A,#N/A N/A,37.99258548,16.19531118,35.07429,4.666666508,Technology Hardware & Equipmen,#N/A Field Not Applicable,#N/A Field Not Applicable,130226.3594,4.666666508,#N/A N/A,42,-0.008355675,61.72595291,#N/A N/A
000660 KS,573000,573000,8117199,4.17E+14,4954447,#N/A N/A,#N/A N/A,48.08388385,102.0189455,56.71415,4.795454502,Semiconductors & Semiconductor,#N/A Field Not Applicable,#N/A Field Not Applicable,694733.5,4.795454502,#N/A N/A,44,-0.012117848,43.42582016,#N/A N/A
051910 KS,391000,391000,279224,2.76E+13,2190346,#N/A N/A,#N/A N/A,15.40676666,-11.46372063,47.41833,4.483870983,Materials,#N/A Field Not Applicable,#N/A Field Not Applicable,439132,4.483870983,#N/A N/A,31,0,200.5419673,#N/A N/A
005380 KS,265500,265500,722666,5.44E+13,4586447,#N/A N/A,#N/A N/A,20.4011709,7.726114277,37.96413,4.888888836,Automobiles & Components,#N/A Field Not Applicable,#N/A Field Not Applicable,319555.5625,4.888888836,#N/A N/A,36,0,47.68003604,#N/A N/A
207940 KS,1221000,1221000,#N/A N/A,8.69E+13,392900,#N/A N/A,6027,50.37788178,23.08060418,32.51303,4.848484993,"Pharmaceuticals, Biotechnology",#N/A Field Not Applicable,#N/A Field Not Applicable,1501974.125,4.848484993,#N/A N/A,33,0,98.27012274,#N/A N/A
035420 KS,256500,256500,1408642,4.02E+13,1857936,#N/A N/A,#N/A N/A,#N/A N/A,11.03417451,40.09288,4.470588207,Media & Entertainment,#N/A Field Not Applicable,#N/A Field Not Applicable,322324,4.470588207,#N/A N/A,34,0,69.36867976,#N/A N/A
035720 KS,58200,58200,2946680,2.57E+13,1269613,#N/A N/A,#N/A N/A,93.55597367,4.164223494,47.61283,4.53125,Media & Entertainment,#N/A Field Not Applicable,#N/A Field Not Applicable,74913.04688,4.53125,#N/A N/A,32,0,152.3503294,#N/A N/A
SE US,146.4569,146.935,646125,86705404272,1206.05,0.808,80700,42.83677409,28.75407622,45.86731429,4.674418449,Consumer Discretionary Distrib,#N/A Field Not Applicable,#N/A Field Not Applicable,193.1902924,4.674418449,#N/A N/A,43,0,13.86559709,20118511
GRAB US,5.3033,5.345,7238148,21606376421,410,#N/A N/A,#N/A N/A,41.97354308,18.56718949,48.47378566,4.655172348,Transportation,#N/A Field Not Applicable,#N/A Field Not Applicable,6.83489275,4.655172348,#N/A N/A,29,0,7.436027306,185169466
LOGM TL 1L USD,#N/A Field Not Applicable,86.813,#N/A N/A,#N/A Field Not Applicable,#N/A Field Not Applicable,#N/A Field Not Applicable,#N/A Field Not Applicable,#N/A Field Not Applicable,#N/A Field Not Applicable,#N/A Field Not Applicable,#N/A Field Not Applicable,Software & Services,#N/A Field Not Applicable,#N/A Field Not Applicable,#N/A Field Not Applicable,#N/A Field Not Applicable,#N/A Field Not Applicable,#N/A Field Not Applicable,#N/A Field Not Applicable,#N/A Field Not Applicable,#N/A Field Not Applicable
MELI US,2077,2088.18,96902,1.05E+11,1934,11,84207,46.09423882,37.53226981,39.79943077,4.766666889,Consumer Discretionary Distrib,#N/A Field Not Applicable,#N/A Field Not Applicable,2846,4.766666889,#N/A N/A,30,0,17.81938072,581268
STNE US,16.025,15.885,844644,4351462008,#N/A N/A,514.967,16793,74.43606442,9.974705108,47.95781944,4.307692528,Financial Services,#N/A Field Not Applicable,#N/A Field Not Applicable,19.74615479,4.307692528,#N/A N/A,13,0,-2.393413734,15534390
PAGS US,9.705,9.8,939652,2966602166,0,#N/A N/A,8595,49.26368044,17.94055091,49.73841757,3.9375,Financial Services,#N/A Field Not Applicable,#N/A Field Not Applicable,11.14000034,3.9375,#N/A N/A,16,0,10.53133078,15290033
NU US,15.435,15.565,7625657,74587391352,#N/A N/A,#N/A N/A,8716,#N/A N/A,43.44388375,46.35779693,4.285714149,Banks,#N/A Field Not Applicable,#N/A Field Not Applicable,17.42499924,4.285714149,#N/A N/A,21,0,35.53413735,118915151
KSPI US,73.01,72.21,177667,13929177951,#N/A N/A,#N/A N/A,#N/A N/A,#N/A N/A,35.16563975,40.72816449,4.363636494,Financial Services,#N/A Field Not Applicable,#N/A Field Not Applicable,98.28778076,4.363636494,#N/A N/A,11,0,24.1949212,696575
YNDX19,#N/A Field Not Applicable,#N/A Real Time,#N/A Real Time,#N/A Field Not Applicable,#N/A Field Not Applicable,#N/A Field Not Applicable,#N/A Field Not Applicable,#N/A Field Not Applicable,#N/A Field Not Applicable,#N/A N/A,#N/A Field Not Applicable,#N/A Field Not Applicable,#N/A Field Not Applicable,#N/A Field Not Applicable,#N/A Field Not Applicable,#N/A Field Not Applicable,#N/A Field Not Applicable,#N/A Field Not Applicable,#N/A N/A,#N/A Field Not Applicable,#N/A Field Not Applicable
VERCST 13 12/15/30,#N/A Field Not Applicable,121.267,0,#N/A Field Not Applicable,#N/A Field Not Applicable,#N/A Field Not Applicable,#N/A Field Not Applicable,#N/A Field Not Applicable,#N/A Field Not Applicable,#N/A N/A,#N/A Field Not Applicable,#N/A Field Not Applicable,#N/A Field Not Applicable,#N/A Field Not Applicable,#N/A Field Not Applicable,#N/A Field Not Applicable,#N/A Field Not Applicable,#N/A Field Not Applicable,#N/A Field Not Applicable,#N/A Field Not Applicable,#N/A Field Not Applicable
PDD US,118.88,119.008,4969341,1.69E+11,12659.361,#N/A N/A,23465,60.92273533,59.0362467,54.50338443,4.350877285,Consumer Discretionary Distrib,#N/A Field Not Applicable,#N/A Field Not Applicable,144.5081635,4.350877285,#N/A N/A,57,-0.197489111,4.27578911,20749586
BYDDF US,12.46,12.355,61575,1.18E+11,54160.964,869.525,968872,19.43834279,29.01920063,45.0077853,4.512820721,Automobiles & Components,#N/A Field Not Applicable,#N/A Field Not Applicable,16.36833191,4.512820721,#N/A N/A,39,0,33.43756346,11309491
XIACF US,5.385,5.02,42967,1.30E+11,24050.484,753.502,43688,20.92343956,35.0356717,51.25416616,4.673077106,Technology Hardware & Equipmen,#N/A Field Not Applicable,#N/A Field Not Applicable,7.513474941,4.673077106,#N/A N/A,52,-0.082356734,95.22334155,71504819
NIO US,5.905,5.87,9467799,14605736068,13037.304,#N/A N/A,45635,9.877693605,18.18410979,68.39011814,3.969696999,Automobiles & Components,#N/A Field Not Applicable,#N/A Field Not Applicable,7.406153679,3.969696999,11/25/2025,33,-0.042235414,133.5626894,153034195
LI US,18.0912,18.095,1440911,19365564643,11071.358,#N/A N/A,32248,20.52896932,16.63980005,57.21729015,4.142857075,Automobiles & Components,#N/A Field Not Applicable,#N/A Field Not Applicable,26.90069008,4.142857075,11/26/2025,35,0,-9.734059926,20373579
XPEV US,21.7,21.42,5490732,20721019831,6456.734,#N/A N/A,15364,14.30461459,33.21886733,71.94013506,4.40625,Automobiles & Components,#N/A Field Not Applicable,#N/A Field Not Applicable,27.60357094,4.40625,#N/A N/A,32,0,1.446711484,33685468
BILI US,25.76,25.58,373609,10850990674,3685.214,2117.231,8088,32.70020247,19.10307388,66.89168918,4.599999905,Media & Entertainment,#N/A Field Not Applicable,#N/A Field Not Applicable,30.48399925,4.599999905,#N/A N/A,40,0,-10.15345605,13047643
KUASF US,#N/A N/A,8.93,4,35355439817,12199,6,24718,54.60448549,11.83396492,#N/A N/A,4.760869503,Media & Entertainment,#N/A Field Not Applicable,#N/A Field Not Applicable,11.54028225,4.760869503,11/19/2025,46,0.242369819,190.0544597,23022144
WB US,9.8,9.835,333462,2399287744,308.747,16.675,4982,78.94079651,-0.293152316,45.72895469,3.809523821,Media & Entertainment,#N/A Field Not Applicable,#N/A Field Not Applicable,12.04562473,3.809523821,#N/A N/A,21,0,-11.58125983,15377981
BIDU US,113.445,115.088,1235477,39773529871,22133,283,35900,50.34591549,-1.094369901,46.2832842,4.540540695,Media & Entertainment,#N/A Field Not Applicable,#N/A Field Not Applicable,149.3088226,4.540540695,#N/A N/A,37,-0.487459125,6.75010693,6463495
TCOM US,72.65,72.99,801506,47484289335,13139,11972,41073,81.25492551,19.73489104,45.06367998,4.75,Consumer Services,#N/A Field Not Applicable,#N/A Field Not Applicable,85.15249634,4.75,#N/A N/A,36,0.324974145,76.88103127,9207482
CTREV 3 7/8 06/30/28,#N/A Field Not Applicable,97.819,0,8236432370,#N/A N/A,#N/A N/A,21,#N/A N/A,36.05455297,4.32015419,#N/A Field Not Applicable,#N/A Field Not Applicable,#N/A Field Not Applicable,#N/A Field Not Applicable,#N/A Field Not Applicable,#N/A Field Not Applicable,#N/A Field Not Applicable,#N/A Field Not Applicable,#N/A Field Not Applicable,#N/A Field Not Applicable,#N/A Field Not Applicable
TME US,18.66,18.6104,1522207,28902558045,0,1929,5353,42.34005845,2.338570193,51.72351729,4.729729652,Media & Entertainment,#N/A Field Not Applicable,#N/A Field Not Applicable,26.02718735,4.729729652,#N/A N/A,37,0,1.608855509,14133910
IQ US,2.205,2.195,1398393,2123065718,1778.403,21637.922,4673,24.88142612,-8.306221531,64.20581847,3.814814806,Media & Entertainment,#N/A Field Not Applicable,#N/A Field Not Applicable,2.365833282,3.814814806,#N/A N/A,27,0.16624111,26.27185826,73372924
BIDU US,113.445,115.088,1235477,39773529871,22133,283,35900,50.34591549,-1.094369901,46.2832842,4.540540695,Media & Entertainment,#N/A Field Not Applicable,#N/A Field Not Applicable,149.3088226,4.540540695,#N/A N/A,37,-0.487459125,6.75010693,6463495
BABA US,160.13,160.435,2451277,3.82E+11,57151,#N/A N/A,124320,39.95214519,5.862821515,46.62626311,4.840000153,Consumer Discretionary Distrib,#N/A Field Not Applicable,#N/A Field Not Applicable,201.7665863,4.840000153,11/25/2025,50,-0.007304744,-0.892945676,41333243
TCEHY US,80.16,79.8,252879,7.33E+11,70686,7081,110558,52.89546343,8.413914271,35.10668345,4.199999809,Media & Entertainment,#N/A Field Not Applicable,#N/A Field Not Applicable,96,4.199999809,#N/A N/A,5,0,1.394423773,1735860
JD US,29.2102,29.18,3353385,42451022215,17031,#N/A N/A,570895,15.86684374,6.836876373,48.29760229,4.782608509,Consumer Discretionary Distrib,#N/A Field Not Applicable,#N/A Field Not Applicable,42.1115799,4.782608509,#N/A N/A,46,0.021206055,1.130006642,25697668
PAHCF US,,,,,,,,,,,,,,,,,,,,,
ANT US,#N/A N/A,#N/A Real Time,#N/A Real Time,#N/A N/A,#N/A N/A,#N/A N/A,9500,14.50463832,17.748291,#N/A N/A,0,#N/A N/A,#N/A Field Not Applicable,#N/A Field Not Applicable,#N/A N/A,0,#N/A N/A,0,0,-100,#N/A N/A
WCPAY US,,,,,,,,,,,,,,,,,,,,,
NVO US,48.2799,48.3,3616489,2.16E+11,48062,86836,77349,84.66889116,25.03304472,48.6219128,3.933333397,"Pharmaceuticals, Biotechnology",#N/A Field Not Applicable,#N/A Field Not Applicable,57.35507965,3.933333397,#N/A N/A,15,0,-4.859415714,28242397
ASML US,1024.07,1029.72,377435,3.97E+11,4303.7,54.9,44027,51.27570065,2.5560172,45.09479032,4.238095284,Semiconductors & Semiconductor,#N/A Field Not Applicable,#N/A Field Not Applicable,1081.214233,4.238095284,#N/A N/A,21,0.106781477,4.95230526,1375036
MC US,61.38,61.7215,84293,4817637476,#N/A N/A,#N/A N/A,1309,#N/A N/A,39.75405617,39.8606617,3.666666746,Financial Services,#N/A Field Not Applicable,#N/A Field Not Applicable,76.5,3.666666746,#N/A N/A,9,0,0.475370934,4011397
RMSG US,1.96,1.96,12,17877710.76,#N/A N/A,#N/A N/A,#N/A N/A,#N/A N/A,#N/A N/A,265.4345452,0,Real Estate Management & Devel,#N/A Field Not Applicable,#N/A Field Not Applicable,#N/A N/A,0,#N/A N/A,0,0,2943.600338,15265
OR US,33.22,33.21,138550,6251228213,5.632,#N/A N/A,#N/A N/A,79.41744221,4.327395376,33.78527429,4.166666508,Materials,#N/A Field Not Applicable,#N/A Field Not Applicable,41.96306229,4.166666508,#N/A N/A,12,0,44.57207074,3676890
SAP US,239.41,239.1,277975,2.94E+11,6514,#N/A N/A,#N/A N/A,72.95470506,9.510381953,27.54041916,4.611111164,Software & Services,#N/A Field Not Applicable,#N/A Field Not Applicable,337.75,4.611111164,1/29/2026,18,0,5.71350445,1948813
SIEGY US,126.15,126.85,16450,2.02E+11,6559,7666,318000,38.52168183,3.929935467,31.54232394,4.5,Capital Goods,#N/A Field Not Applicable,#N/A Field Not Applicable,144.1999969,4.5,#N/A N/A,4,0,120.5050966,131403
ALIZF US,425.3,425.3,53,1.64E+11,#N/A N/A,#N/A N/A,156626,#N/A N/A,14.38420705,33.39879863,3.583333254,Insurance,#N/A Field Not Applicable,#N/A Field Not Applicable,439.0412292,3.583333254,2/26/2026,24,0,29.00790939,320132
SNY US,50.37,50.285,493482,1.24E+11,7394,13841,82878,70.18245044,6.410687683,26.95967512,4.636363506,"Pharmaceuticals, Biotechnology",#N/A Field Not Applicable,#N/A Field Not Applicable,60.97000122,4.636363506,1/29/2026,11,0,-2.885462138,5391754
NVS US,128.18,127.775,361390,2.71E+11,10022,#N/A N/A,75883,75.20010827,10.84869267,20.62581648,2.923076868,"Pharmaceuticals, Biotechnology",#N/A Field Not Applicable,#N/A Field Not Applicable,126.5180283,2.923076868,#N/A N/A,13,0,1.715409849,5749914
RHHBY US,48.87,48.25,450215,3.18E+11,15304,#N/A N/A,103249,73.08372593,3.029838545,26.48328069,3.666666746,"Pharmaceuticals, Biotechnology",#N/A Field Not Applicable,#N/A Field Not Applicable,48.6428566,3.666666746,1/29/2026,9,0.204407896,0.423751455,6669472
NSRGY US,98.99,99.225,37327,2.55E+11,1667,18379,277000,46.93632795,-1.747169286,23.64029822,3.799999952,"Food, Beverage & Tobacco",#N/A Field Not Applicable,#N/A Field Not Applicable,108.5999985,3.799999952,#N/A N/A,5,0.032526783,-6.22932915,65970
UL US,59.25,59.275,613608,1.45E+11,987,#N/A N/A,125000,45.04534158,1.94114489,18.3943283,5,Household & Personal Products,#N/A Field Not Applicable,#N/A Field Not Applicable,70.66666412,5,#N/A N/A,9,0,3.693456091,4497328
AZN US,89.83,89.49,1663647,2.79E+11,13583,#N/A N/A,94300,81.12366616,18.03496977,24.91638194,4.857142925,"Pharmaceuticals, Biotechnology",#N/A Field Not Applicable,#N/A Field Not Applicable,93.42726898,4.857142925,#N/A N/A,14,0,3.923450085,9546642
HSBC US,69.18,69.07,582863,2.38E+11,#N/A N/A,#N/A N/A,211304,#N/A N/A,8.017731522,24.49986437,3.5,Banks,#N/A Field Not Applicable,#N/A Field Not Applicable,75.23999786,3.5,#N/A N/A,4,0,509.2012401,4417198
BP US,36.32977,35.86,2418889,93552699878,301,#N/A N/A,100500,39.77270925,-9.967639081,27.74074954,3.818181753,Energy,#N/A Field Not Applicable,#N/A Field Not Applicable,40.49000168,3.818181753,#N/A N/A,22,0.106781477,29.35308719,9037860
SHEL US,74.24007,73.545,1734372,2.12E+11,1099,#N/A N/A,98000,25.61024508,-10.20403007,21.82761616,4.199999809,Energy,#N/A Field Not Applicable,#N/A Field Not Applicable,83.65555573,4.199999809,#N/A N/A,20,0.075014563,-3.888777376,11040431
TTE US,63.72,63.87,516874,1.41E+11,805,#N/A N/A,102887,#N/A N/A,-10.65792779,22.62803023,3.714285612,Energy,#N/A Field Not Applicable,#N/A Field Not Applicable,69.84705353,3.714285612,#N/A N/A,14,-0.00089912,-0.477909838,5268010
EADSY US,59.18,58.745,75580,1.88E+11,3250,#N/A N/A,156921,15.41961577,5.781865966,29.73165982,3.799999952,Capital Goods,#N/A Field Not Applicable,#N/A Field Not Applicable,59.96749878,3.799999952,#N/A N/A,5,0,31.13898791,527059
SONY US,28.27,28.3,827937,1.74E+11,734578,66100,112300,28.26683576,-0.489249175,31.11551262,4.75,Consumer Durables & Apparel,#N/A Field Not Applicable,#N/A Field Not Applicable,34.55666733,4.75,#N/A N/A,8,0.021069917,-1.442534499,6101042
TM US,196.465,197.175,26238,3.10E+11,1326496,#N/A N/A,383853,19.93899915,6.522580777,30.60848909,4.199999809,Automobiles & Components,#N/A Field Not Applicable,#N/A Field Not Applicable,229.2324982,4.199999809,#N/A N/A,5,0,1448.11072,708268
HMC US,29.37,29.375,243102,51691200000,1099482,#N/A N/A,194173,21.50412239,6.167591227,32.69444146,3.666666746,Automobiles & Components,#N/A Field Not Applicable,#N/A Field Not Applicable,34.89500046,3.666666746,#N/A N/A,3,-0.014480849,617.777103,2661655
CAJPY US,28.35,28.295,8451,37812194204,337348,#N/A N/A,170340,47.52062222,7.865371976,24.91221903,3,Technology Hardware & Equipmen,#N/A Field Not Applicable,#N/A Field Not Applicable,#N/A N/A,3,#N/A N/A,1,0,1700.476948,66277
HTHIY US,30.69,30.711,37359,1.41E+11,259400,#N/A N/A,282743,28.83304015,0.561780198,43.43479351,5,Capital Goods,#N/A Field Not Applicable,#N/A Field Not Applicable,39.33300018,5,#N/A N/A,1,0.0591979,8333.039302,434830
MSBHF US,23.25,23.32,333,93672537707,0,35352,62062,9.863752048,-4.854964081,33.99895259,3.117647171,Capital Goods,#N/A Field Not Applicable,#N/A Field Not Applicable,22.5010376,3.117647171,#N/A N/A,17,-0.069172283,123.3365715,8868174
7974 JP,13030,13030,3496500,1.69E+13,143788,#N/A N/A,8205,60.96270823,-30.32200566,40.14491,4.057142735,Media & Entertainment,#N/A Field Not Applicable,#N/A Field Not Applicable,14848.36621,4.057142735,#N/A N/A,35,0,78.9611849,#N/A N/A
SFTBF US,119.99,122.55,2083,1.71E+11,507590,549725,67229,51.8267743,7.211603641,71.36612619,4,Telecommunication Services,#N/A Field Not Applicable,#N/A Field Not Applicable,169.9651184,4,#N/A N/A,22,-0.016045226,76.88016095,1743986
MBFJF US,15.31,15.31,1112020,1.85E+11,#N/A N/A,#N/A N/A,156253,#N/A N/A,10.1664513,68.13995559,4.235294342,Banks,#N/A Field Not Applicable,#N/A Field Not Applicable,16.74357986,4.235294342,#N/A N/A,17,0,36.57542742,7861232
SMFG US,16.99,16.985,308675,1.09E+11,#N/A N/A,#N/A N/A,122978,#N/A N/A,10.45881343,34.2492354,5,Banks,#N/A Field Not Applicable,#N/A Field Not Applicable,18.61000061,5,#N/A N/A,1,0,-3.345886863,3324458
MFG US,6.555,6.565,383571,81604787668,#N/A N/A,#N/A N/A,52554,#N/A N/A,5.205263296,35.74635094,4,Banks,#N/A Field Not Applicable,#N/A Field Not Applicable,7.00150013,4,11/21/2025,2,0,13.64849573,3973077
TAK US,14.19,14.1055,268810,45152177259,730227,#N/A N/A,47455,65.50912562,7.453253723,20.20859381,5,"Pharmaceuticals, Biotechnology",#N/A Field Not Applicable,#N/A Field Not Applicable,18.10000038,5,#N/A N/A,3,-0.106781477,22.66792106,8865714
TKPHF US,#N/A N/A,28.095,50026,44698746304,730227,#N/A N/A,47455,65.50912562,7.453253723,#N/A N/A,3.882352829,"Pharmaceuticals, Biotechnology",#N/A Field Not Applicable,#N/A Field Not Applicable,32.04206848,3.882352829,#N/A N/A,17,-0.106781477,88.55081788,3604316
RKUNY US,5.84,5.885,381,12656846872,17136,#N/A N/A,29334,69.19696231,10.03797105,44.71845242,0,Consumer Discretionary Distrib,#N/A Field Not Applicable,#N/A Field Not Applicable,#N/A N/A,0,#N/A N/A,0,-0.236298991,28.01520794,6156
RCRTF US,,,,,,,,,,,,,,,,,,,,,
KYCCF US,336.7,346.079,1742,81888027203,28856,#N/A N/A,12261,83.81298123,9.496344419,41.03778543,4.421052456,Technology Hardware & Equipmen,#N/A Field Not Applicable,#N/A Field Not Applicable,462.4455261,4.421052456,#N/A N/A,19,0,36.73169016,204721
SMCAY US,17.18,16.91,50164,21945511752,33351,#N/A N/A,23114,45.83200776,1.961066996,36.3530704,5,Capital Goods,#N/A Field Not Applicable,#N/A Field Not Applicable,23.98999977,5,#N/A N/A,1,0,604.4980439,451986
FANUY US,15.42,15.536,78356,30296706924,46666,#N/A N/A,10113,36.99840302,0.233252942,35.08467994,4,Capital Goods,#N/A Field Not Applicable,#N/A Field Not Applicable,18.25999832,4,#N/A N/A,2,-0.243486096,-1.330023402,92481
MRAAY US,9.62,9.86,7006,37768155459,149274,2495,72572,41.16793396,6.291710921,36.80831197,0,Technology Hardware & Equipmen,#N/A Field Not Applicable,#N/A Field Not Applicable,#N/A N/A,0,#N/A N/A,0,0,-1.694882889,45768
TTDKY US,15.6,15.695,28953,30324214206,253586,9357,105067,31.20646442,4.797335965,45.41150736,5,Technology Hardware & Equipmen,#N/A Field Not Applicable,#N/A Field Not Applicable,20,5,#N/A N/A,1,0,111.639354,179066
NJDCY US,3.22,3.21,947,15360287896,80599,#N/A N/A,104285,20.56976478,11.10508491,60.60369974,#N/A N/A,Capital Goods,#N/A Field Not Applicable,#N/A Field Not Applicable,#N/A N/A,#N/A N/A,#N/A N/A,0,-0.106781477,-3.818747893,39063
SNYFX US,#N/A N/A,#N/A Real Time,#N/A Real Time,#N/A Field Not Applicable,#N/A Field Not Applicable,#N/A Field Not Applicable,#N/A Field Not Applicable,#N/A Field Not Applicable,#N/A Field Not Applicable,#N/A N/A,0,#N/A N/A,#N/A N/A,#N/A Field Not Applicable,#N/A N/A,0,#N/A N/A,0,0,#N/A Field Not Applicable,#N/A Field Not Applicable
MITEY US,20.98,21.6367,4627,26242596052,0,#N/A N/A,11412,26.45669232,4.992732708,30.83918713,0,Real Estate Management & Devel,#N/A Field Not Applicable,#N/A Field Not Applicable,#N/A N/A,0,#N/A N/A,0,0,-27.96523781,24302
MITSY US,512.91,515.01,3814,74519195690,0,#N/A N/A,56400,8.786737977,10.03890298,32.20896575,3,Capital Goods,#N/A Field Not Applicable,#N/A Field Not Applicable,514.4799805,3,#N/A N/A,1,-0.390263034,21.8807307,1351
ITOCY US,116.82,116.225,12976,92573395929,0,492990,115089,16.1397598,4.948884205,29.65964319,#N/A N/A,Capital Goods,#N/A Field Not Applicable,#N/A Field Not Applicable,#N/A N/A,#N/A N/A,#N/A N/A,0,0,35.40899051,6291
MARUY US,245.43,243.077,3151,40759992429,0,#N/A N/A,51834,14.71836037,7.442960948,31.24850425,5,Capital Goods,#N/A Field Not Applicable,#N/A Field Not Applicable,313.7900085,5,#N/A N/A,1,0,-5.192926237,3928
SUMCF US,8.05,7.35,484,2818909869,8532,#N/A N/A,9850,18.33648917,-6.884052017,82.22767724,3.650000095,Semiconductors & Semiconductor,#N/A Field Not Applicable,#N/A Field Not Applicable,10.1366024,3.650000095,#N/A N/A,20,-0.203855547,148.0458465,9791674
SVNDY US,13,13.3579,46947,33859226037,0,#N/A N/A,152859,17.95033862,4.993193218,39.44763646,0,Consumer Staples Distribution,#N/A Field Not Applicable,#N/A Field Not Applicable,#N/A N/A,0,#N/A N/A,0,0,22.07843152,32528
FRCOY US,34.35,34.855,5684,1.09E+11,0,8307,60454,53.78141524,9.559235733,32.43019311,5,Consumer Discretionary Distrib,#N/A Field Not Applicable,#N/A Field Not Applicable,41.33000183,5,#N/A N/A,1,0,6.456690743,93687
KAOCF US,39.25,39.25,7,18286575000,62100,26672,32566,39.20321681,6.255403473,#N/A N/A,4.230769157,Household & Personal Products,#N/A Field Not Applicable,#N/A Field Not Applicable,50.8328476,4.230769157,#N/A N/A,13,0.203855547,160.5422288,1425720
SSDOY US,15.252,14.9225,2769,6100800000,27200,71849,27908,76.03499343,1.803423916,43.32912782,1,Household & Personal Products,#N/A Field Not Applicable,#N/A Field Not Applicable,14,1,#N/A N/A,1,-0.166410537,14126.25907,14620
BX US,136.45,136.7,1658013,1.69E+11,#N/A N/A,#N/A N/A,4895,#N/A N/A,64.9037791,36.09603095,3.920000076,Financial Services,#N/A Field Not Applicable,#N/A Field Not Applicable,178.4736786,3.920000076,#N/A N/A,25,0,15.20367888,14964769
KKR US,114.215,114.03,475780,1.02E+11,#N/A N/A,#N/A N/A,4834,#N/A N/A,37.79120069,42.67213505,4.739130497,Financial Services,#N/A Field Not Applicable,#N/A Field Not Applicable,154.8500061,4.739130497,#N/A N/A,23,0,12.28281862,7733881
APO US,125.5679,125.925,443242,72584744867,#N/A N/A,#N/A N/A,1983,#N/A N/A,-19.88651963,41.71125166,4.523809433,Financial Services,#N/A Field Not Applicable,#N/A Field Not Applicable,161.8947296,4.523809433,#N/A N/A,21,0,39.70230275,31909583
ARES US,141.52,142.175,201136,46365436647,#N/A N/A,#N/A N/A,3200,#N/A N/A,4.615722324,39.02358457,4.105263233,Financial Services,#N/A Field Not Applicable,#N/A Field Not Applicable,184.5882416,4.105263233,#N/A N/A,19,0,33.75997881,6191029
BAM US,50.18,50.325,462693,80728499560,0,#N/A N/A,250000,#N/A N/A,25.84856397,32.45854391,3.631578922,Financial Services,#N/A Field Not Applicable,#N/A Field Not Applicable,63.43055725,3.631578922,#N/A N/A,19,0,471.3764914,14843496
BLK US,1018.66,1018.31,66181,1.67E+11,#N/A N/A,#N/A N/A,21100,#N/A N/A,14.2673162,25.32333518,4.636363506,Financial Services,#N/A Field Not Applicable,#N/A Field Not Applicable,1328.5,4.636363506,#N/A N/A,22,-0.025080446,8.970658242,1203585
STT US,113.3899,113.735,84524,31671209187,#N/A N/A,#N/A N/A,52626,#N/A N/A,20.08058369,27.40448209,4.157894611,Financial Services,#N/A Field Not Applicable,#N/A Field Not Applicable,129.8333282,4.157894611,#N/A N/A,19,0,25.13795652,4860448
NTRS US,124.69,125.39,149712,23581044741,#N/A N/A,#N/A N/A,23300,#N/A N/A,31.02463583,28.18522318,2.888888836,Financial Services,#N/A Field Not Applicable,#N/A Field Not Applicable,134.9333344,2.888888836,1/22/2026,18,0,26.80060186,2562999
MSCI US,558.6837,559.24,74348,41845960664,158.653,27.569,6132,81.99023293,12.93864575,26.89001796,4.454545498,Financial Services,#N/A Field Not Applicable,#N/A Field Not Applicable,656.9000244,4.454545498,#N/A N/A,22,0,-2.845087168,1376729
SPGI US,489.785,490.78,187151,1.52E+11,#N/A N/A,#N/A N/A,42350,69.09487613,13.69128591,22.12486287,4.666666508,Financial Services,#N/A Field Not Applicable,#N/A Field Not Applicable,603.1538696,4.666666508,#N/A N/A,30,0,14.75688639,2719122
MCO US,468.5,470.81,71370,83580400000,#N/A N/A,193,16000,#N/A N/A,19.81068289,25.56118747,4.071428776,Financial Services,#N/A Field Not Applicable,#N/A Field Not Applicable,540.5,4.071428776,#N/A N/A,28,0,25.21739827,2032612
ICE US,152.78,152.53,596637,87111884216,0,579,12920,#N/A N/A,16.16174261,18.51961165,4.800000191,Financial Services,#N/A Field Not Applicable,#N/A Field Not Applicable,192.1578979,4.800000191,2/5/2026,20,0,13.51149187,5974231
CME US,276.31,272.42,575133,99637326593,255.8,450,3760,#N/A N/A,9.880083888,18.055935,3.526315689,Financial Services,#N/A Field Not Applicable,#N/A Field Not Applicable,289.6842041,3.526315689,#N/A N/A,19,0,10.31616474,4107908
NDAQ US,85.77,85.75,183445,48974278288,0,121,9120,#N/A N/A,19.35815148,22.91918287,4.391304493,Financial Services,#N/A Field Not Applicable,#N/A Field Not Applicable,104.3499985,4.391304493,#N/A N/A,23,0,43.76878079,7763716
CBOE US,257.41,254.4,140775,26936544349,0,928.6,1685,#N/A N/A,8.050052138,22.45024943,2.900000095,Financial Services,#N/A Field Not Applicable,#N/A Field Not Applicable,261.0588379,2.900000095,#N/A N/A,20,0,23.05235235,#N/A N/A
TW US,109.035,109.01,193747,23822365541,0,154.3,1412,#N/A N/A,28.97358355,26.83411689,4.176470757,Financial Services,#N/A Field Not Applicable,#N/A Field Not Applicable,130.5,4.176470757,#N/A N/A,17,0,14.46968973,2172587
MKTX US,171.72,169.97,88942,6354841008,0,24.687,891,#N/A N/A,8.57753735,28.44444616,3.75,Financial Services,#N/A Field Not Applicable,#N/A Field Not Applicable,198.615387,3.75,#N/A N/A,16,0,34.09396058,1764539
VIRT US,34.86,34.4725,66603,5340318089,#N/A N/A,#N/A N/A,969,#N/A N/A,25.44618778,33.96184684,3.75,Financial Services,#N/A Field Not Applicable,#N/A Field Not Applicable,43.75,3.75,#N/A N/A,8,0,29.09789584,2987008
JANEST TL B 1L USD,#N/A Field Not Applicable,99.125,#N/A N/A,#N/A Field Not Applicable,#N/A Field Not Applicable,#N/A Field Not Applicable,#N/A Field Not Applicable,#N/A Field Not Applicable,#N/A Field Not Applicable,#N/A Field Not Applicable,#N/A Field Not Applicable,#N/A Field Not Applicable,#N/A Field Not Applicable,#N/A Field Not Applicable,#N/A Field Not Applicable,#N/A Field Not Applicable,#N/A Field Not Applicable,#N/A Field Not Applicable,#N/A Field Not Applicable,#N/A Field Not Applicable,#N/A Field Not Applicable
CITADL 5.9 02/10/30,#N/A Field Not Applicable,101.207,0,#N/A Field Not Applicable,#N/A Field Not Applicable,#N/A Field Not Applicable,#N/A Field Not Applicable,#N/A Field Not Applicable,#N/A Field Not Applicable,#N/A N/A,#N/A Field Not Applicable,#N/A Field Not Applicable,#N/A Field Not Applicable,#N/A Field Not Applicable,#N/A Field Not Applicable,#N/A Field Not Applicable,#N/A Field Not Applicable,#N/A Field Not Applicable,#N/A Field Not Applicable,#N/A Field Not Applicable,#N/A Field Not Applicable
PYPL US,60.26,60.16,4807484,56251395414,2979,#N/A N/A,24400,50.63370758,6.805280306,37.58796936,3.599999905,Financial Services,#N/A Field Not Applicable,#N/A Field Not Applicable,82.86842346,3.599999905,#N/A N/A,50,0,12.28670272,44388346
SQM US,63.24,62.61,1387522,16965202801,0,156.58,8344,29.30397519,-39.35363824,47.11251599,3.736842155,Materials,#N/A Field Not Applicable,#N/A Field Not Applicable,54.00666809,3.736842155,11/19/2025,19,0.372331206,172.7468105,4028269
0170016D US,#N/A N/A,#N/A Real Time,#N/A Real Time,#N/A N/A,#N/A N/A,#N/A N/A,#N/A Field Not Applicable,#N/A Field Not Applicable,#N/A Field Not Applicable,#N/A N/A,#N/A N/A,#N/A N/A,#N/A Field Not Applicable,#N/A Field Not Applicable,#N/A N/A,#N/A N/A,#N/A N/A,#N/A N/A,0,#N/A Field Not Applicable,#N/A N/A
COIN US,260.53,256.795,2573207,70250302861,1468.252,#N/A N/A,3772,#N/A N/A,111.1717893,80.24503561,3.878048897,Financial Services,#N/A Field Not Applicable,#N/A Field Not Applicable,384.7666626,3.878048897,#N/A N/A,41,-0.011775474,29.74234816,13396719
HOOD US,116,118.48,6658763,1.04E+11,818,#N/A N/A,2300,#N/A N/A,58.230563,72.52966397,4.344827652,Financial Services,#N/A Field Not Applicable,#N/A Field Not Applicable,153.3333282,4.344827652,#N/A N/A,29,0,49.61578286,46413710
SOFI US,26.31,26.545,16125427,31727309088,#N/A N/A,#N/A N/A,5000,#N/A N/A,29.32846768,61.0186122,3.153846264,Financial Services,#N/A Field Not Applicable,#N/A Field Not Applicable,27.33333397,3.153846264,#N/A N/A,26,0,37.47161891,110284431
AFRM US,64.8255,65.74,929879,21401303678,589.723,12.511,2206,45.96698561,38.80384796,78.62695239,4.354838848,Financial Services,#N/A Field Not Applicable,#N/A Field Not Applicable,96.39130402,4.354838848,#N/A N/A,31,0,29.51630262,12884745
MQ US,4.715,4.75,892291,2076936155,60.059,#N/A N/A,854,69.39890926,-25.01970655,65.82762042,3.5,Financial Services,#N/A Field Not Applicable,#N/A Field Not Applicable,6.199999809,3.5,#N/A N/A,14,0,6.428171335,15358261
BILL US,48.355,48.815,279732,4843076406,340.059,0,2364,81.39555714,13.36240439,63.25365713,4.239999771,Software & Services,#N/A Field Not Applicable,#N/A Field Not Applicable,60.52173996,4.239999771,#N/A N/A,25,0,11.82652265,14279619
TOST US,33.22,33.42,1961887,19533360000,351,#N/A N/A,5700,23.99193548,28.33117723,47.21529984,4.133333206,Financial Services,#N/A Field Not Applicable,#N/A Field Not Applicable,47.25925827,4.133333206,#N/A N/A,30,0,17.56056445,25632101
SNOW US,252.95,255.69,364461,85699460000,1783.379,1.695,7834,66.50467847,29.21468782,52.78312323,4.61403513,Software & Services,#N/A Field Not Applicable,#N/A Field Not Applicable,271.3125,4.61403513,12/3/2025,57,0,30.4436405,12703059
DDOG US,175.65,179.345,598167,61638710692,1152.703,#N/A N/A,6500,80.79440445,26.11946575,45.64784,4.666666508,Software & Services,#N/A Field Not Applicable,#N/A Field Not Applicable,217.4561005,4.666666508,#N/A N/A,48,0,37.33482778,9930262
TWLO US,120.96,121.86,254287,18339086465,1008.747,8.746,5535,51.10349042,7.320535058,54.29386273,4.233333111,Software & Services,#N/A Field Not Applicable,#N/A Field Not Applicable,140.9642792,4.233333111,#N/A N/A,30,0,42.20831852,5293122
NET US,193.93,195.26,886317,68040452390,421.374,#N/A N/A,4263,77.31815389,28.75515232,49.48252148,3.916666746,Software & Services,#N/A Field Not Applicable,#N/A Field Not Applicable,244.2257996,3.916666746,#N/A N/A,36,-0.353734234,59.35132912,9146655
FSLY US,10.3321,10.615,443410,1543615740,137.98,#N/A N/A,1100,54.43278717,7.448397986,73.07446864,3,Software & Services,#N/A Field Not Applicable,#N/A Field Not Applicable,10.41666698,3,#N/A N/A,11,0,22.20771608,10683654
CRWD US,511.325,524.19,360904,1.28E+11,1076.901,#N/A N/A,10118,74.92222326,29.39135443,47.76762567,4.08771944,Software & Services,#N/A Field Not Applicable,#N/A Field Not Applicable,529.166687,4.08771944,12/2/2025,57,0.071534351,13.88897446,6681281
PANW US,200.315,202.16,1089059,1.35E+11,1984.1,15.8,16068,73.41430353,14.87387107,34.74127225,4.423728943,Software & Services,#N/A Field Not Applicable,#N/A Field Not Applicable,225.825531,4.423728943,11/19/2025,59,0,18.37190566,44631312
ZS US,292.01,297.02,211547,46225423324,672.485,#N/A N/A,7923,76.87424596,23.31168744,41.95125731,4.450980186,Software & Services,#N/A Field Not Applicable,#N/A Field Not Applicable,331.4772644,4.450980186,11/25/2025,51,0,12.5153072,5931341
OKTA US,80.0975,80.65,253613,14126706446,642,5,5914,76.32183908,15.33362793,45.68734504,4.173913002,Software & Services,#N/A Field Not Applicable,#N/A Field Not Applicable,120,4.173913002,12/2/2025,46,0,41.77985425,6062672
SAIL US,18.81,18.715,235979,10470309843,169.73,#N/A N/A,#N/A N/A,64.51612154,23.16259084,57.76223955,4.619047642,Software & Services,#N/A Field Not Applicable,#N/A Field Not Applicable,27.20999908,4.619047642,12/9/2025,21,0,673.3729046,12896817
DOCU US,64.64,64.91,183329,12999370123,588.455,#N/A N/A,6838,79.11610659,7.779369285,49.6855479,3.523809433,Software & Services,#N/A Field Not Applicable,#N/A Field Not Applicable,94.0625,3.523809433,12/4/2025,21,0.106781477,-3.708479758,4732722
ZM US,80.37,81.04,313743,24811921156,852.415,#N/A N/A,7412,75.78730634,3.052842095,32.70685263,3.823529482,Software & Services,#N/A Field Not Applicable,#N/A Field Not Applicable,93.42308044,3.823529482,11/24/2025,34,0,24.13516693,6750433
WORK US,#N/A N/A,#N/A Real Time,#N/A Real Time,#N/A N/A,382.145,#N/A N/A,2545,86.51776515,43.1755237,#N/A N/A,#N/A N/A,Software & Services,#N/A Field Not Applicable,#N/A Field Not Applicable,#N/A N/A,#N/A N/A,#N/A N/A,0,0,-100,#N/A N/A
ASAN US,11.98,12.165,811481,2830238162,341.467,#N/A N/A,1819,89.33615702,10.93817049,70.66699947,3.133333445,Software & Services,#N/A Field Not Applicable,#N/A Field Not Applicable,16.10769272,3.133333445,12/2/2025,15,0,54.26792771,14334482
TEAM US,147.77,149.33,441458,38879926951,2669.312,33.591,13813,82.84182475,19.65540335,52.3846272,4.625,Software & Services,#N/A Field Not Applicable,#N/A Field Not Applicable,244.1071472,4.625,#N/A N/A,32,0,20.70032282,6212340
NOW US,812.395,818.14,287422,1.69E+11,2543,83,26293,79.17880554,22.43897001,38.19968084,4.734694004,Software & Services,#N/A Field Not Applicable,#N/A Field Not Applicable,1160.07312,4.734694004,#N/A N/A,49,0,11.45551597,2683339
WDAY US,224.1,225,395821,59834700000,2626,#N/A N/A,20482,75.50319678,16.35211462,34.66083749,4.536585331,Software & Services,#N/A Field Not Applicable,#N/A Field Not Applicable,282.3513489,4.536585331,11/25/2025,41,0,15.87062057,11288263
HUBS US,366.54,366.99,151963,19201399864,778.714,#N/A N/A,8103,85.03297567,21.07209835,45.70368676,4.777777672,Software & Services,#N/A Field Not Applicable,#N/A Field Not Applicable,583.1818237,4.777777672,#N/A N/A,36,0,43.21588796,1023828
SHOP US,143.38,145.99,2249695,1.82E+11,1367,#N/A N/A,8100,50.36036036,25.77903683,58.56044947,4.125,Software & Services,#N/A Field Not Applicable,#N/A Field Not Applicable,174.8968353,4.125,#N/A N/A,56,0,8.203569811,19115214
